{"type":"FeatureCollection","features":[{"type":"Feature","properties":{},"geometry":{"type":"MultiPolygon","coordinates":[[[[117.31113,8.4396],[117.21855,8.36729],[117.22852,8.45669],[117.25586,8.54097],[117.3499,8.71357],[117.41777,8.76665],[117.52998,8.90259],[117.59326,8.96831],[117.74492,9.09824],[117.88477,9.24067],[117.93154,9.25127],[117.98301,9.25342],[118.02383,9.26978],[118.11484,9.34668],[118.34395,9.60278],[118.5334,9.79365],[118.72754,10.03501],[118.82012,10.10532],[118.84512,10.1313],[119.02383,10.35356],[119.07988,10.38584],[119.14307,10.40928],[119.18604,10.43945],[119.22383,10.47729],[119.28701,10.57402],[119.3127,10.68711],[119.29668,10.75098],[119.26113,10.84517],[119.30566,10.97363],[119.34072,11.03291],[119.46533,11.2938],[119.50127,11.34644],[119.55332,11.31353],[119.56025,11.2668],[119.53457,11.15684],[119.53262,11.10161],[119.56191,11.04551],[119.52666,10.95317],[119.61611,10.70737],[119.68437,10.55171],[119.68691,10.50034],[119.59521,10.40742],[119.54053,10.37935],[119.42246,10.35439],[119.36934,10.32729],[119.28477,10.25171],[119.23193,10.15215],[119.21855,10.10068],[119.1915,10.06108],[118.94863,9.99346],[118.83467,9.94932],[118.78213,9.91611],[118.75498,9.86211],[118.77383,9.7668],[118.56963,9.42275],[118.50449,9.33267],[118.43496,9.25601],[118.34961,9.20146],[118.2293,9.16797],[118.13408,9.10137],[118.06943,8.98354],[117.98955,8.8771],[117.88857,8.79824],[117.77979,8.72861],[117.67988,8.67783],[117.57217,8.64199],[117.53965,8.59561],[117.5166,8.53833],[117.46914,8.51138],[117.4125,8.49585],[117.31113,8.4396]]]]}},{"type":"Feature","properties":{},"geometry":{"type":"MultiPolygon","coordinates":[[[[122.49619,11.61509],[122.6127,11.56416],[122.72627,11.60791],[122.83809,11.59565],[122.93125,11.5293],[122.90078,11.48735],[122.89453,11.44131],[123.10273,11.54146],[123.1583,11.53555],[123.15645,11.44253],[123.14414,11.36357],[123.11953,11.28682],[123.07549,11.19687],[123.0165,11.1165],[122.93877,11.05815],[122.84668,11.02246],[122.80293,10.99004],[122.78945,10.94121],[122.79111,10.87974],[122.76992,10.82383],[122.67314,10.80093],[122.52207,10.69189],[122.19766,10.6229],[122.10859,10.57554],[122.05176,10.51406],[121.98838,10.4583],[121.954,10.44438],[121.93828,10.4709],[121.93379,10.49365],[121.98008,10.63857],[121.97236,10.69888],[121.95029,10.75737],[121.96436,10.87168],[122.0207,10.9791],[122.05088,11.09736],[122.05967,11.32568],[122.10352,11.64292],[122.10137,11.68086],[122.06699,11.72373],[121.94082,11.7583],[121.89121,11.79087],[121.91602,11.85435],[121.96367,11.89736],[122.0292,11.89541],[122.08682,11.85508],[122.29072,11.77202],[122.39922,11.7022],[122.49619,11.61509]]]]}},{"type":"Feature","properties":{},"geometry":{"type":"MultiPolygon","coordinates":[[[[123.13086,9.06411],[123.06465,9.05337],[122.99473,9.05884],[122.94785,9.10796],[122.8666,9.31982],[122.77246,9.37134],[122.66455,9.41035],[122.61035,9.44321],[122.5625,9.48281],[122.41094,9.6939],[122.39951,9.82305],[122.42559,9.89609],[122.47148,9.96152],[122.52324,9.9792],[122.64824,9.98154],[122.71299,9.99014],[122.85557,10.08691],[122.86582,10.125],[122.8665,10.28403],[122.85234,10.39526],[122.81699,10.50381],[122.85557,10.55342],[122.90586,10.60254],[122.9584,10.69834],[122.96875,10.76572],[122.96973,10.83618],[122.9833,10.88662],[123.02441,10.91182],[123.22178,10.98867],[123.25664,10.99395],[123.51064,10.92305],[123.5625,10.81606],[123.56758,10.78076],[123.52773,10.66201],[123.49287,10.58232],[123.40693,10.45898],[123.34355,10.32539],[123.29609,10.12451],[123.26621,10.05903],[123.18662,9.9333],[123.16201,9.86426],[123.1627,9.71465],[123.14941,9.65933],[123.1498,9.60615],[123.3084,9.35698],[123.32188,9.31748],[123.32051,9.27295],[123.29336,9.21729],[123.22871,9.12139],[123.19248,9.08789],[123.13086,9.06411]]]]}},{"type":"Feature","properties":{},"geometry":{"type":"MultiPolygon","coordinates":[[[[124.57461,11.34307],[124.64434,11.30811],[124.72432,11.32207],[124.82109,11.40142],[124.92998,11.37285],[124.99395,11.25591],[125.02656,11.21172],[125.04434,11.13525],[125.03975,10.9519],[125.01318,10.78569],[125.03379,10.75146],[125.08389,10.72158],[125.12754,10.68472],[125.16416,10.63745],[125.1877,10.58486],[125.19717,10.45723],[125.26006,10.34961],[125.26846,10.30771],[125.25332,10.26382],[125.14844,10.27241],[125.14004,10.23535],[125.14258,10.18945],[125.10537,10.21831],[125.04395,10.32344],[124.9875,10.36758],[125.00488,10.19707],[125.02354,10.11528],[125.02656,10.03311],[124.9291,10.0959],[124.81279,10.13462],[124.78076,10.16807],[124.7917,10.27456],[124.78955,10.32754],[124.7377,10.43975],[124.79863,10.68223],[124.79717,10.73179],[124.78672,10.7814],[124.73867,10.87974],[124.6627,10.96196],[124.61611,10.96221],[124.50283,10.90444],[124.44551,10.92358],[124.41172,11.15034],[124.36602,11.3707],[124.33096,11.4271],[124.3082,11.48618],[124.33066,11.53521],[124.37412,11.51499],[124.43594,11.45723],[124.51094,11.42388],[124.54824,11.39502],[124.57461,11.34307]]]]}},{"type":"Feature","properties":{},"geometry":{"type":"MultiPolygon","coordinates":[[[[125.23955,12.52788],[125.31035,12.44629],[125.32754,12.38721],[125.32021,12.32183],[125.35225,12.29277],[125.40879,12.28486],[125.48125,12.25195],[125.53564,12.19141],[125.50332,12.13579],[125.51338,12.05459],[125.45654,11.95254],[125.46426,11.77158],[125.49687,11.71377],[125.5,11.65542],[125.4918,11.59434],[125.50576,11.54424],[125.59297,11.37822],[125.60898,11.32305],[125.58232,11.27949],[125.57354,11.23823],[125.62734,11.23389],[125.704,11.16479],[125.74912,11.07358],[125.73564,11.04961],[125.67441,11.1208],[125.62813,11.13203],[125.43184,11.1126],[125.31152,11.14229],[125.2334,11.14507],[125.15586,11.26704],[125.08789,11.28735],[125.03428,11.34126],[124.94531,11.47915],[124.91699,11.5584],[124.97891,11.63848],[124.99824,11.70234],[124.99502,11.76494],[124.93564,11.75464],[124.88428,11.77549],[124.82109,11.8521],[124.7958,11.89634],[124.7498,11.93335],[124.67676,12.0209],[124.57188,12.05513],[124.5291,12.0792],[124.4457,12.15278],[124.38486,12.24399],[124.32578,12.40381],[124.29473,12.56934],[124.56582,12.52622],[124.84014,12.53457],[125.1502,12.57256],[125.23955,12.52788]]]]}},{"type":"Feature","properties":{},"geometry":{"type":"MultiPolygon","coordinates":[[[[120.70439,13.47949],[120.75537,13.471],[120.91533,13.50107],[120.98076,13.48599],[121.02471,13.42871],[121.0793,13.41074],[121.12246,13.38125],[121.20273,13.43232],[121.28438,13.37412],[121.35684,13.26548],[121.44219,13.18843],[121.52275,13.1312],[121.53867,13.08887],[121.48975,13.01958],[121.4748,12.93159],[121.47969,12.83711],[121.54063,12.63818],[121.51924,12.58423],[121.45801,12.50796],[121.4123,12.42305],[121.41816,12.38877],[121.4001,12.36074],[121.39434,12.30059],[121.35684,12.31309],[121.32236,12.30361],[121.28887,12.27671],[121.23672,12.2188],[121.15547,12.23633],[121.11699,12.25342],[121.10762,12.30361],[121.0834,12.33896],[121.04854,12.35996],[120.9625,12.44653],[120.92217,12.51162],[120.92148,12.5811],[120.89941,12.64585],[120.85479,12.70366],[120.796,12.748],[120.77637,12.79058],[120.76875,12.84092],[120.76367,12.96982],[120.68027,13.13062],[120.65137,13.16914],[120.57314,13.20889],[120.5083,13.26006],[120.48066,13.31104],[120.45547,13.39351],[120.43809,13.40542],[120.3875,13.40166],[120.33848,13.41235],[120.35273,13.47295],[120.40127,13.51704],[120.46836,13.52241],[120.65332,13.49761],[120.70439,13.47949]]]]}},{"type":"Feature","properties":{},"geometry":{"type":"MultiPolygon","coordinates":[[[[126.00596,9.32095],[126.0876,9.26074],[126.19336,9.27671],[126.19199,9.1249],[126.20908,9.08057],[126.30459,8.95205],[126.31953,8.84473],[126.26299,8.74395],[126.22021,8.69629],[126.1416,8.62729],[126.13955,8.59565],[126.17305,8.56006],[126.28232,8.53931],[126.36533,8.48389],[126.37979,8.32676],[126.45869,8.20283],[126.45664,8.14878],[126.42529,7.92744],[126.43535,7.83281],[126.49443,7.75698],[126.54443,7.7248],[126.57012,7.67725],[126.59336,7.54678],[126.58926,7.32515],[126.58154,7.24775],[126.54668,7.17583],[126.43906,7.01235],[126.29404,6.88232],[126.21689,6.89102],[126.19209,6.85254],[126.24023,6.73389],[126.22119,6.4834],[126.18936,6.30967],[126.14248,6.39756],[126.10977,6.48965],[126.08008,6.73335],[126.04307,6.84316],[125.98496,6.94355],[125.96162,7.0332],[125.90117,7.11699],[125.82441,7.3333],[125.77363,7.32217],[125.68926,7.26304],[125.67021,7.22231],[125.66025,7.1606],[125.64072,7.10508],[125.54219,7.0166],[125.46475,6.91113],[125.40098,6.79575],[125.38066,6.68994],[125.43291,6.60713],[125.48662,6.57373],[125.56455,6.49961],[125.58848,6.46577],[125.6707,6.225],[125.66797,5.97866],[125.60781,5.87017],[125.45586,5.66426],[125.34648,5.59897],[125.28789,5.63228],[125.24102,5.75693],[125.2332,5.8083],[125.26494,5.92559],[125.26846,6.03315],[125.23154,6.06953],[125.19102,6.0625],[125.17402,6.04697],[125.07617,5.90625],[125.03535,5.87065],[124.9752,5.86572],[124.92734,5.87534],[124.63633,5.99819],[124.39883,6.11973],[124.21279,6.23325],[124.07812,6.40444],[124.04971,6.53257],[124.04814,6.66655],[123.98789,6.86299],[123.98086,6.92969],[123.98525,6.9937],[124.04512,7.11411],[124.11758,7.1751],[124.1582,7.2188],[124.19072,7.26733],[124.21289,7.33213],[124.20664,7.39644],[124.18242,7.43672],[124.06797,7.57788],[123.96846,7.66465],[123.76475,7.74263],[123.71738,7.7854],[123.66582,7.81777],[123.60889,7.83164],[123.55322,7.83213],[123.49307,7.80791],[123.47744,7.75635],[123.48164,7.71025],[123.47637,7.66538],[123.39092,7.40752],[123.28203,7.46411],[123.17822,7.52944],[123.15068,7.5752],[123.13877,7.62993],[123.12119,7.66689],[123.09668,7.70044],[123.04893,7.61436],[122.98955,7.54629],[122.91689,7.53052],[122.84297,7.5293],[122.81875,7.5585],[122.7918,7.72246],[122.71396,7.77412],[122.61621,7.76313],[122.49795,7.67275],[122.47441,7.63896],[122.44863,7.56113],[122.31973,7.34023],[122.25146,7.17002],[122.17617,7.0042],[122.14248,6.94966],[122.09814,6.91372],[122.02764,6.92861],[121.96426,6.96821],[121.9042,7.0752],[121.92461,7.19951],[121.99111,7.27876],[122.04717,7.36357],[122.11484,7.65991],[122.11992,7.76538],[122.13184,7.8105],[122.24336,7.94512],[122.33711,8.02842],[122.38672,8.0459],[122.58945,8.09331],[122.67295,8.13311],[122.80439,8.13369],[122.91113,8.15645],[122.99629,8.22051],[123.00273,8.28691],[122.99883,8.35605],[123.01758,8.39834],[123.05059,8.43394],[123.0959,8.48081],[123.14717,8.51602],[123.29287,8.54146],[123.34121,8.57041],[123.38018,8.61562],[123.43457,8.70332],[123.49893,8.68154],[123.56367,8.64746],[123.68008,8.62061],[123.7834,8.54771],[123.84922,8.43271],[123.86055,8.37607],[123.87744,8.18882],[123.85342,8.14512],[123.75313,8.05825],[123.79941,8.04912],[123.93115,8.12842],[123.99687,8.15898],[124.15938,8.20146],[124.19766,8.22954],[124.22578,8.27139],[124.2832,8.38599],[124.3252,8.50845],[124.35791,8.55942],[124.40488,8.59985],[124.45127,8.60635],[124.62178,8.52266],[124.73115,8.56299],[124.76172,8.68979],[124.78682,8.87412],[124.80615,8.92402],[124.86895,8.97227],[124.94385,8.95669],[125.04639,8.89053],[125.14102,8.86875],[125.17617,8.92207],[125.20967,9.02715],[125.24785,9.02656],[125.37559,8.9918],[125.49873,9.01475],[125.5334,9.14092],[125.51016,9.27588],[125.41396,9.66919],[125.47129,9.75679],[125.5209,9.75913],[125.64248,9.65449],[125.87666,9.51313],[125.95469,9.42666],[126.00596,9.32095]]]]}},{"type":"Feature","properties":{},"geometry":{"type":"MultiPolygon","coordinates":[[[[121.10156,18.61528],[121.25449,18.56343],[121.59297,18.37646],[121.7168,18.33008],[121.84561,18.29541],[121.94756,18.28516],[122.03848,18.32793],[122.07695,18.37168],[122.14668,18.48657],[122.22119,18.50063],[122.26553,18.45884],[122.2998,18.40278],[122.31504,18.32031],[122.29385,18.23428],[122.22285,18.15713],[122.17949,18.06426],[122.15098,17.75649],[122.15234,17.6644],[122.1752,17.57568],[122.23682,17.43486],[122.26904,17.39526],[122.3623,17.34487],[122.3875,17.30679],[122.39287,17.23838],[122.40752,17.17812],[122.46787,17.15513],[122.51914,17.12485],[122.5,17.05801],[122.46797,16.99004],[122.42578,16.82266],[122.22588,16.43521],[122.21416,16.35151],[122.13516,16.18481],[121.97471,16.15791],[121.78867,16.07744],[121.68516,16.01475],[121.59531,15.93325],[121.56094,15.82676],[121.59043,15.77803],[121.60918,15.72603],[121.60703,15.66982],[121.5792,15.62319],[121.48984,15.50952],[121.45205,15.41665],[121.41191,15.37505],[121.39229,15.32441],[121.39893,15.2666],[121.43496,15.21631],[121.54395,14.99917],[121.66055,14.7895],[121.68564,14.76543],[121.69541,14.7373],[121.62656,14.68174],[121.62793,14.58115],[121.64854,14.48149],[121.75186,14.23418],[121.7666,14.16807],[121.80049,14.11387],[121.85332,14.06309],[121.91172,14.02041],[122.07959,13.94712],[122.14434,13.93271],[122.21172,13.93018],[122.22842,13.97949],[122.2875,13.99619],[122.27441,14.04473],[122.20254,14.11167],[122.19971,14.14805],[122.2375,14.17505],[122.28262,14.19082],[122.38369,14.26387],[122.49082,14.32236],[122.62715,14.31753],[122.76104,14.28486],[122.85605,14.25078],[122.93418,14.18809],[123.01455,14.07983],[123.071,13.95996],[123.0707,13.90273],[123.05693,13.84546],[123.05996,13.78877],[123.10195,13.75024],[123.23145,13.74736],[123.29697,13.83643],[123.30537,13.93657],[123.25928,13.97544],[123.28047,14.0248],[123.32031,14.06167],[123.37744,14.02866],[123.43232,13.96626],[123.63281,13.89849],[123.68408,13.89702],[123.72598,13.88433],[123.81572,13.83711],[123.85762,13.79961],[123.80625,13.72173],[123.60713,13.70444],[123.54961,13.64575],[123.60811,13.52808],[123.70361,13.43159],[123.76484,13.35352],[123.81924,13.26948],[123.8166,13.1916],[123.78516,13.11055],[123.87275,13.11699],[123.95518,13.09971],[124.06914,13.03193],[124.10459,13.025],[124.14277,13.03579],[124.1373,12.79116],[124.05977,12.56709],[123.96172,12.59497],[123.87783,12.6897],[123.89492,12.80498],[123.94854,12.91641],[123.91797,12.93994],[123.86387,12.93066],[123.80234,12.90557],[123.73604,12.89692],[123.62676,12.91177],[123.40234,13.03311],[123.31094,13.04409],[123.29043,13.09902],[123.29551,13.21558],[123.20596,13.35352],[123.1916,13.40288],[123.16328,13.44175],[122.89619,13.59194],[122.86348,13.61724],[122.78135,13.73706],[122.59521,13.90762],[122.54307,13.92505],[122.48633,13.92998],[122.46797,13.88672],[122.49375,13.82021],[122.5042,13.76309],[122.5002,13.70317],[122.50801,13.65684],[122.59619,13.56201],[122.60938,13.51714],[122.66787,13.39536],[122.6751,13.25317],[122.5999,13.19414],[122.51523,13.26001],[122.5125,13.31362],[122.49795,13.36353],[122.40693,13.49277],[122.37656,13.52061],[122.20527,13.64824],[122.07275,13.78838],[121.77793,13.93765],[121.74287,13.94585],[121.6917,13.93457],[121.64346,13.91597],[121.50107,13.84219],[121.45078,13.79077],[121.44629,13.71187],[121.34414,13.64912],[121.20352,13.64028],[121.09551,13.67949],[121.00615,13.75811],[120.93232,13.76187],[120.84072,13.88472],[120.7291,13.90054],[120.63711,13.80449],[120.61738,13.99531],[120.6168,14.18804],[120.64268,14.24434],[120.68828,14.29121],[120.92207,14.49312],[120.95156,14.55796],[120.94131,14.64507],[120.88809,14.71577],[120.80449,14.75879],[120.70791,14.77661],[120.63828,14.81616],[120.58369,14.88125],[120.54678,14.76611],[120.58271,14.59463],[120.58867,14.48311],[120.55566,14.44136],[120.4957,14.44019],[120.43877,14.45337],[120.39609,14.49331],[120.36523,14.6083],[120.28389,14.68438],[120.25078,14.79331],[120.21387,14.80879],[120.13799,14.80039],[120.08213,14.85107],[120.04453,14.97812],[120.03662,15.11455],[120.00498,15.22925],[119.95938,15.34023],[119.93281,15.43091],[119.8916,15.8377],[119.88145,15.875],[119.85967,15.90576],[119.8082,15.95195],[119.76895,16.00845],[119.76182,16.05498],[119.77256,16.25513],[119.79023,16.30332],[119.83076,16.32656],[119.88613,16.2874],[119.93037,16.23877],[119.98516,16.21543],[120.0334,16.18457],[120.12402,16.06621],[120.15977,16.04766],[120.27129,16.05142],[120.33701,16.06646],[120.36875,16.10957],[120.38877,16.16094],[120.38926,16.22163],[120.325,16.40034],[120.30527,16.52925],[120.30439,16.64546],[120.32119,16.76187],[120.40889,16.95562],[120.42012,17.09009],[120.41172,17.26992],[120.42715,17.3769],[120.42451,17.43833],[120.37207,17.53511],[120.3584,17.63818],[120.50508,18.16265],[120.55098,18.26406],[120.58447,18.36875],[120.59971,18.50786],[120.70938,18.54595],[120.81377,18.60342],[120.86777,18.59893],[120.925,18.58511],[121.05137,18.61367],[121.10156,18.61528]]]]}},{"type":"Feature","properties":{},"geometry":{"type":"MultiPolygon","coordinates":[[[[96.49258,5.22935],[96.61523,5.22021],[96.84268,5.27446],[96.96777,5.26914],[97.08574,5.22993],[97.19043,5.20732],[97.45117,5.23604],[97.5002,5.22832],[97.54717,5.20586],[97.5875,5.17036],[97.70674,5.04014],[97.9084,4.87998],[97.9666,4.77749],[97.9998,4.66226],[98.0207,4.63521],[98.24844,4.41455],[98.27334,4.32231],[98.24121,4.19453],[98.30732,4.09287],[98.52832,3.99756],[98.65869,3.92812],[98.68652,3.88555],[98.70576,3.83477],[98.77793,3.75942],[98.86865,3.71035],[99.15117,3.58125],[99.52148,3.31118],[99.73232,3.18306],[99.90664,2.98818],[99.96943,2.89492],[100.02129,2.79424],[100.12725,2.64761],[100.30723,2.4666],[100.35273,2.41147],[100.40117,2.33164],[100.45703,2.25742],[100.52383,2.18916],[100.60361,2.13696],[100.68525,2.12007],[100.8168,1.98926],[100.88789,1.94824],[100.87666,2.05059],[100.81689,2.14019],[100.81777,2.19424],[100.82822,2.24258],[100.87705,2.2833],[100.93594,2.29473],[101.04619,2.25747],[101.2252,2.10225],[101.30078,2.01182],[101.35762,1.88701],[101.40508,1.75742],[101.47666,1.69307],[101.575,1.67056],[101.68428,1.66123],[101.78477,1.62139],[102.01992,1.44214],[102.09805,1.35791],[102.15723,1.25889],[102.19795,1.1417],[102.22334,1.0187],[102.23906,0.99033],[102.38994,0.84199],[102.46924,0.7793],[102.56641,0.74883],[102.84941,0.71548],[102.94932,0.66421],[103.03184,0.57891],[103.0665,0.49199],[103.00752,0.41533],[102.78633,0.29775],[102.55,0.21646],[102.77959,0.24448],[102.8959,0.27861],[103.00283,0.33198],[103.10869,0.3998],[103.27656,0.49453],[103.33896,0.51372],[103.4123,0.50693],[103.47891,0.48018],[103.57871,0.38706],[103.67266,0.28892],[103.74277,0.17441],[103.78672,0.04697],[103.70645,-0.01958],[103.58945,-0.06875],[103.42852,-0.1918],[103.41162,-0.24043],[103.44443,-0.27168],[103.40518,-0.36221],[103.49541,-0.41807],[103.50918,-0.46553],[103.43115,-0.53359],[103.43857,-0.57559],[103.53271,-0.75469],[103.57754,-0.7957],[103.72109,-0.88672],[103.94004,-0.9791],[104.06113,-1.02139],[104.19854,-1.0543],[104.25752,-1.05342],[104.36055,-1.03838],[104.38125,-1.07422],[104.42568,-1.25068],[104.44688,-1.3624],[104.47832,-1.6001],[104.51855,-1.69873],[104.51592,-1.81943],[104.56875,-1.92178],[104.67637,-1.98721],[104.79102,-2.04082],[104.84521,-2.09297],[104.84453,-2.17178],[104.82607,-2.23418],[104.7873,-2.28271],[104.66846,-2.38555],[104.64727,-2.42988],[104.63057,-2.54336],[104.65078,-2.59521],[104.69834,-2.59814],[104.73574,-2.5709],[104.87842,-2.41885],[104.91699,-2.39219],[104.9708,-2.3709],[105.02588,-2.35752],[105.28652,-2.35625],[105.39697,-2.38018],[105.49531,-2.42969],[105.58203,-2.49199],[105.89912,-2.88779],[106.04434,-3.10625],[106.05576,-3.16064],[106.0584,-3.21719],[106.03369,-3.26094],[105.90146,-3.41006],[105.88506,-3.45127],[105.84375,-3.61367],[105.85156,-3.73057],[105.89551,-3.77969],[105.93047,-3.83301],[105.92773,-3.88135],[105.84062,-4.12178],[105.83145,-4.16289],[105.88652,-4.55391],[105.89053,-4.65977],[105.8793,-4.79365],[105.88721,-5.00957],[105.81611,-5.67656],[105.80273,-5.71641],[105.74834,-5.81826],[105.67656,-5.81758],[105.61855,-5.79961],[105.57793,-5.76064],[105.55557,-5.7123],[105.52266,-5.67275],[105.34941,-5.54951],[105.304,-5.57002],[105.12813,-5.72285],[105.08135,-5.74551],[105.02266,-5.72686],[104.93027,-5.68115],[104.63955,-5.52041],[104.62168,-5.57178],[104.61816,-5.6415],[104.67598,-5.81621],[104.68398,-5.89268],[104.63105,-5.90791],[104.60156,-5.90459],[104.48086,-5.80313],[104.36953,-5.69072],[104.24297,-5.53887],[104.15049,-5.4666],[104.0668,-5.38594],[103.83145,-5.07959],[103.77031,-5.03281],[103.40566,-4.81641],[103.33213,-4.76523],[103.23887,-4.67568],[103.13867,-4.59619],[102.91895,-4.4707],[102.5377,-4.15215],[102.37197,-3.96924],[102.1877,-3.67451],[102.12754,-3.59922],[101.81787,-3.37803],[101.64902,-3.24404],[101.57861,-3.16699],[101.41426,-2.89883],[101.36621,-2.8085],[101.30566,-2.72871],[101.20625,-2.66396],[101.11855,-2.58779],[100.94443,-2.34521],[100.88955,-2.24854],[100.84805,-2.14395],[100.85527,-1.93418],[100.48652,-1.29912],[100.39395,-1.10127],[100.3082,-0.82666],[100.28906,-0.79883],[100.08789,-0.55293],[100.0167,-0.47422],[99.93066,-0.4002],[99.86006,-0.31377],[99.72129,-0.03296],[99.66982,0.04507],[99.59766,0.10244],[99.33457,0.20859],[99.23643,0.26777],[99.15918,0.35176],[99.11172,0.45894],[99.05957,0.68638],[98.93555,1.03193],[98.79639,1.49463],[98.70254,1.70195],[98.59531,1.8646],[98.56426,1.90215],[98.08652,2.19507],[98.00508,2.23818],[97.91855,2.26421],[97.79502,2.28286],[97.70078,2.35854],[97.66201,2.49429],[97.64062,2.67642],[97.6168,2.78511],[97.59082,2.84658],[97.39131,2.97529],[97.31318,3.07705],[97.24795,3.18901],[97.18838,3.27573],[96.96895,3.57515],[96.89395,3.65371],[96.80098,3.70854],[96.52539,3.7666],[96.44473,3.81631],[96.31084,3.98633],[96.23008,4.07275],[95.98799,4.26328],[95.57861,4.66196],[95.49473,4.76138],[95.43193,4.86504],[95.38125,4.97617],[95.20664,5.28403],[95.2207,5.34624],[95.24707,5.41079],[95.24297,5.46431],[95.22383,5.51709],[95.22783,5.56479],[95.27959,5.59287],[95.39609,5.62881],[95.51699,5.62461],[95.62891,5.60908],[95.7373,5.5793],[95.84131,5.5145],[96.02734,5.35117],[96.1333,5.29429],[96.25088,5.26699],[96.49258,5.22935]]]]}},{"type":"Feature","properties":{},"geometry":{"type":"MultiPolygon","coordinates":[[[[116.80771,6.69106],[116.78809,6.6061],[116.8124,6.60791],[116.91328,6.65967],[117.01855,6.79736],[117.07793,6.91685],[117.12852,6.9689],[117.22988,6.93999],[117.25244,6.91924],[117.24531,6.8334],[117.25498,6.78345],[117.29404,6.6769],[117.38037,6.61226],[117.49922,6.57148],[117.60967,6.51265],[117.6457,6.47368],[117.66963,6.42676],[117.69375,6.35],[117.69561,6.27231],[117.61592,6.19653],[117.6498,6.07358],[117.64453,6.00186],[117.61719,5.94072],[117.50117,5.88467],[117.81768,5.94043],[117.8958,5.97227],[118.00381,6.05332],[118.06172,5.98345],[118.11582,5.8625],[118.07227,5.83208],[117.93477,5.7875],[117.92803,5.76919],[117.97363,5.70625],[118.03115,5.71211],[118.14463,5.7542],[118.24912,5.82056],[118.2998,5.81973],[118.35313,5.80605],[118.45635,5.76343],[118.51416,5.72891],[118.56309,5.68452],[118.59482,5.59209],[118.71367,5.55854],[118.95732,5.429],[119.00254,5.41782],[119.05,5.41523],[119.17842,5.43091],[119.22344,5.41265],[119.25557,5.36592],[119.26631,5.30811],[119.26279,5.2459],[119.24971,5.19873],[119.21963,5.15981],[119.13223,5.10049],[118.9125,5.0229],[118.67207,4.96406],[118.55137,4.96812],[118.38184,5.01851],[118.32002,5.01201],[118.26055,4.98887],[118.18535,4.82852],[118.32422,4.6687],[118.5625,4.50215],[118.59512,4.46064],[118.58633,4.40967],[118.54834,4.37925],[118.49805,4.36235],[118.36406,4.33574],[118.22871,4.31602],[118.11729,4.2876],[118.0082,4.25024],[117.89561,4.26294],[117.74102,4.33755],[117.69648,4.34282],[117.6498,4.30449],[117.60381,4.2],[117.56621,4.1623],[117.49746,4.1334],[117.46533,4.07607],[117.55937,3.98833],[117.56602,3.92993],[117.63906,3.87798],[117.72822,3.79673],[117.73174,3.77026],[117.76201,3.73389],[117.77725,3.68926],[117.71445,3.64482],[117.62988,3.63633],[117.56738,3.67827],[117.50967,3.73037],[117.49492,3.66558],[117.45039,3.62852],[117.28789,3.63931],[117.17158,3.63896],[117.05596,3.62266],[117.11387,3.61265],[117.16641,3.59199],[117.34629,3.42661],[117.38467,3.36538],[117.32188,3.24355],[117.35244,3.19375],[117.42207,3.16519],[117.50684,3.10459],[117.56719,3.09849],[117.61064,3.06436],[117.6124,3.00488],[117.63789,2.95083],[117.56914,2.9293],[117.63721,2.91494],[117.69766,2.8873],[117.66455,2.85928],[117.63887,2.82529],[117.6668,2.80693],[117.74971,2.77559],[117.78594,2.74678],[117.80488,2.66895],[117.88574,2.54175],[118.03418,2.37764],[118.0666,2.31782],[118.06631,2.26274],[118.0416,2.21543],[117.95703,2.15996],[117.88926,2.08701],[117.88105,2.06064],[117.78926,2.02686],[117.83125,2.002],[117.86465,1.96841],[117.92842,1.8668],[118.08037,1.70186],[118.15684,1.64033],[118.47168,1.41646],[118.63896,1.31899],[118.85254,1.09585],[118.96348,1.04429],[118.98496,0.98213],[118.89238,0.88687],[118.75742,0.83921],[118.53477,0.81353],[118.31152,0.84707],[118.19609,0.87437],[118.09551,0.92915],[118.01631,1.03916],[117.91162,1.09868],[117.95195,1.03198],[117.97734,0.96382],[117.96426,0.88955],[117.92305,0.83135],[117.85254,0.78867],[117.77695,0.754],[117.74512,0.72964],[117.55332,0.34102],[117.52217,0.23589],[117.46377,-0.20049],[117.46289,-0.32373],[117.54893,-0.55439],[117.55684,-0.67529],[117.57383,-0.72754],[117.5625,-0.7709],[117.52178,-0.79668],[117.35713,-0.86719],[117.24072,-0.92568],[117.14648,-1.00898],[117.07021,-1.1127],[117.00322,-1.1877],[116.91396,-1.22363],[116.84941,-1.21826],[116.79707,-1.18379],[116.76055,-1.11719],[116.73984,-1.04424],[116.72617,-1.09814],[116.72871,-1.15078],[116.75928,-1.20713],[116.771,-1.2666],[116.75342,-1.32734],[116.71523,-1.37578],[116.61162,-1.42861],[116.55449,-1.47393],[116.54512,-1.55313],[116.51758,-1.59805],[116.47793,-1.63281],[116.33213,-1.7125],[116.29961,-1.74434],[116.27549,-1.78486],[116.35322,-1.77861],[116.42432,-1.78486],[116.42959,-1.86416],[116.45195,-1.92314],[116.42354,-2.05254],[116.31396,-2.13984],[116.36865,-2.1582],[116.41816,-2.18672],[116.52812,-2.20791],[116.56543,-2.29971],[116.54922,-2.41084],[116.5293,-2.51055],[116.45039,-2.53828],[116.40127,-2.51982],[116.35254,-2.52158],[116.3168,-2.55186],[116.30723,-2.60332],[116.37549,-2.57803],[116.37168,-2.70684],[116.35322,-2.83271],[116.33066,-2.90215],[116.28887,-2.95879],[116.22578,-2.97695],[116.16631,-2.93457],[116.1541,-2.98379],[116.17227,-3.02529],[116.25723,-3.12637],[116.20508,-3.14854],[116.16709,-3.18301],[116.15,-3.2332],[116.05752,-3.34824],[116.0167,-3.43281],[115.99941,-3.52334],[115.95615,-3.59502],[115.2582,-3.90684],[114.69355,-4.16973],[114.65254,-4.15186],[114.62529,-4.11172],[114.60596,-3.70332],[114.53613,-3.49443],[114.52559,-3.37666],[114.446,-3.48184],[114.39717,-3.47119],[114.34434,-3.44443],[114.30459,-3.41006],[114.30166,-3.36475],[114.34434,-3.23516],[114.29268,-3.30625],[114.23633,-3.36113],[114.17793,-3.35439],[114.12764,-3.32725],[114.10898,-3.28516],[114.08223,-3.27891],[113.95879,-3.39434],[113.7958,-3.45625],[113.70508,-3.45527],[113.63359,-3.41992],[113.6373,-3.33203],[113.63008,-3.24609],[113.61006,-3.1957],[113.56631,-3.17773],[113.52598,-3.18408],[113.40898,-3.22891],[113.36719,-3.22363],[113.34316,-3.24648],[113.03398,-2.9335],[112.97148,-3.18711],[112.75801,-3.32217],[112.60029,-3.40049],[112.44395,-3.37109],[112.28496,-3.321],[112.12666,-3.38145],[111.95488,-3.52969],[111.90742,-3.55254],[111.85811,-3.55186],[111.82207,-3.53252],[111.83438,-3.42012],[111.83594,-3.30771],[111.82305,-3.05723],[111.80937,-3.00801],[111.76016,-2.93916],[111.69473,-2.88945],[111.6583,-2.92578],[111.62549,-2.97549],[111.49492,-2.97334],[111.36758,-2.93369],[111.25918,-2.95645],[111.04434,-3.05576],[110.93008,-3.07109],[110.86875,-3.04873],[110.82969,-2.99512],[110.85205,-2.94619],[110.89932,-2.90859],[110.81113,-2.93848],[110.73584,-2.98867],[110.70312,-3.0209],[110.66816,-3.00479],[110.57402,-2.89141],[110.37754,-2.93379],[110.35098,-2.94678],[110.30254,-2.98535],[110.25605,-2.96611],[110.23262,-2.9251],[110.22432,-2.68867],[110.12441,-2.23389],[110.09658,-2.00137],[110.075,-1.94639],[109.95986,-1.86279],[109.96377,-1.74287],[110.02344,-1.64258],[110.03613,-1.52568],[110.01924,-1.39883],[109.9833,-1.2748],[109.93809,-1.18115],[109.87344,-1.10107],[109.7874,-1.01133],[109.68174,-0.94424],[109.45381,-0.86875],[109.3335,-0.87539],[109.28887,-0.8458],[109.25879,-0.80742],[109.271,-0.73203],[109.31172,-0.68018],[109.36631,-0.66738],[109.37275,-0.63818],[109.25703,-0.57744],[109.16055,-0.49492],[109.13027,-0.44541],[109.12109,-0.39092],[109.12178,-0.26504],[109.14961,-0.18555],[109.16475,-0.14248],[109.19463,-0.00942],[109.25752,0.03115],[109.24727,0.05576],[109.22021,0.07383],[109.18076,0.11748],[109.14854,0.16768],[109.0748,0.25283],[108.94453,0.35566],[108.92275,0.53281],[108.90586,0.79395],[108.9168,0.91265],[108.95859,1.13462],[109.03086,1.20449],[109.08848,1.22393],[109.13154,1.25386],[109.09609,1.25815],[109.06543,1.24717],[109.01025,1.23965],[109.05547,1.43848],[109.07588,1.4959],[109.1667,1.60708],[109.27314,1.70547],[109.31816,1.82109],[109.37852,1.92271],[109.62891,2.02754],[109.69434,1.88877],[109.71963,1.85781],[109.86484,1.76445],[109.98457,1.71763],[110.11406,1.69858],[110.2459,1.69473],[110.29834,1.70117],[110.34922,1.71973],[110.39951,1.69985],[110.6752,1.54805],[110.78203,1.52085],[110.89492,1.53247],[110.93994,1.51733],[111.09844,1.40088],[111.14521,1.38696],[111.22324,1.39585],[111.12344,1.44902],[111.05801,1.48667],[111.02871,1.55781],[111.04658,1.63364],[111.11016,1.68408],[111.1542,1.73877],[111.17002,1.90229],[111.19805,1.98511],[111.25088,2.06387],[111.26816,2.13975],[111.20889,2.19766],[111.19551,2.29717],[111.20859,2.37964],[111.24219,2.43574],[111.2959,2.39878],[111.35137,2.36445],[111.40615,2.36787],[111.44385,2.38154],[111.45078,2.42407],[111.44043,2.4981],[111.44326,2.63433],[111.5125,2.74302],[111.62324,2.81797],[111.72773,2.85381],[112.11885,2.9147],[112.7373,3.07046],[112.92051,3.13071],[112.98789,3.16191],[113.04473,3.20522],[113.14023,3.34351],[113.32012,3.56147],[113.44609,3.74058],[113.71211,4.00142],[113.92393,4.24321],[113.95254,4.28872],[113.98779,4.4207],[113.99043,4.48281],[113.98428,4.5458],[114.0125,4.57524],[114.05361,4.59287],[114.17793,4.59097],[114.29941,4.60718],[114.42441,4.6604],[114.54473,4.72456],[114.6459,4.79814],[114.74082,4.88101],[114.84062,4.94639],[114.99541,5.02236],[115.04766,5.01636],[115.04707,4.96245],[115.02676,4.89971],[115.14004,4.89976],[115.3749,4.93276],[115.42764,4.96919],[115.51982,5.04893],[115.55449,5.09355],[115.58203,5.19414],[115.46689,5.2541],[115.42168,5.33052],[115.41904,5.41318],[115.55645,5.5667],[115.60391,5.60342],[115.62451,5.54888],[115.68506,5.53511],[115.74082,5.53301],[115.79688,5.53613],[115.87715,5.61353],[115.91846,5.72495],[116.05977,5.88237],[116.11006,6.00327],[116.13838,6.12954],[116.49473,6.52168],[116.53828,6.58271],[116.7498,6.9771],[116.77617,6.99023],[116.83301,6.95205],[116.8498,6.82671],[116.84199,6.77207],[116.80771,6.69106]]]]}},{"type":"Feature","properties":{},"geometry":{"type":"MultiPolygon","coordinates":[[[[143.82432,44.11699],[143.94951,44.11191],[144.00547,44.11665],[144.10137,44.10156],[144.48184,43.94956],[144.59668,43.93022],[144.71523,43.92798],[144.79854,43.94023],[144.87188,43.98193],[145.10156,44.16616],[145.34277,44.33389],[145.36953,44.32739],[145.36963,44.2813],[145.35195,44.22979],[145.24521,44.07617],[145.12637,43.86938],[145.10107,43.76455],[145.13965,43.6625],[145.21406,43.57822],[145.27295,43.46289],[145.34082,43.30254],[145.43613,43.28223],[145.48789,43.27974],[145.5833,43.32778],[145.67363,43.38887],[145.75127,43.39629],[145.83301,43.38594],[145.72559,43.34346],[145.62422,43.29131],[145.5374,43.19268],[145.50508,43.17422],[145.40479,43.18027],[145.34746,43.17671],[145.23008,43.1355],[145.12715,43.08887],[145.02881,43.03164],[144.92139,43.00093],[144.80713,42.9937],[144.63076,42.94692],[144.51621,42.9436],[144.30156,42.98442],[144.19727,42.97363],[143.96934,42.8814],[143.76211,42.74814],[143.58096,42.59873],[143.42949,42.4189],[143.36865,42.32515],[143.33213,42.22036],[143.32715,42.15103],[143.31367,42.08433],[143.27871,42.03784],[143.23652,42.0002],[143.11172,42.02222],[142.90635,42.11836],[142.5082,42.25796],[142.08789,42.47173],[141.85137,42.57905],[141.40664,42.54692],[140.98613,42.34214],[140.94844,42.35957],[140.7876,42.5],[140.70977,42.55562],[140.6168,42.57134],[140.54766,42.56953],[140.48047,42.55937],[140.38545,42.48716],[140.35059,42.43511],[140.32354,42.37607],[140.31523,42.33428],[140.32666,42.29336],[140.4166,42.20073],[140.52754,42.13179],[140.57773,42.11865],[140.68428,42.12349],[140.73379,42.11636],[140.9123,41.97778],[141.10771,41.84805],[141.15098,41.80508],[141.07871,41.75981],[140.99951,41.7374],[140.90752,41.74326],[140.81641,41.7604],[140.65986,41.81558],[140.59297,41.76855],[140.48916,41.67217],[140.43164,41.56738],[140.38496,41.51929],[140.27012,41.45601],[140.14863,41.42324],[140.08516,41.43408],[140.03662,41.47378],[140.00918,41.52134],[139.99531,41.57642],[140.02129,41.69575],[140.08418,41.80322],[140.1084,41.91294],[140.05684,42.06733],[140.02412,42.09956],[139.89512,42.19004],[139.83545,42.27808],[139.8209,42.3876],[139.82852,42.44814],[139.86016,42.58174],[139.89111,42.64922],[139.95059,42.67144],[140.01504,42.68477],[140.11465,42.73296],[140.22412,42.79551],[140.32861,42.86685],[140.43223,42.9541],[140.48643,43.0499],[140.39746,43.16733],[140.3793,43.23711],[140.39238,43.30312],[140.48691,43.33818],[140.58457,43.31172],[140.78066,43.21499],[140.81914,43.20547],[140.95381,43.20098],[141.13818,43.17993],[141.24502,43.18506],[141.29629,43.19966],[141.37412,43.27964],[141.4123,43.38149],[141.39834,43.5125],[141.39766,43.64263],[141.44678,43.74863],[141.60068,43.91899],[141.64473,44.01943],[141.66084,44.26362],[141.71631,44.37119],[141.76094,44.48252],[141.78223,44.71636],[141.71904,44.94106],[141.65576,45.05122],[141.58301,45.15596],[141.59375,45.25596],[141.65254,45.34863],[141.654,45.37656],[141.66797,45.40127],[141.77813,45.4189],[141.82949,45.43877],[141.87871,45.4833],[141.9377,45.50952],[141.98086,45.4835],[142.01641,45.43794],[142.17158,45.32563],[142.41602,45.125],[142.7041,44.81919],[142.88477,44.67012],[143.0751,44.53491],[143.28857,44.39663],[143.51191,44.27754],[143.65459,44.22134],[143.75908,44.13164],[143.82432,44.11699]]]]}},{"type":"Feature","properties":{},"geometry":{"type":"MultiPolygon","coordinates":[[[[141.2293,41.37266],[141.26875,41.35381],[141.45547,41.40474],[141.41992,41.25117],[141.4,41.09634],[141.41367,40.83936],[141.43047,40.72334],[141.46279,40.61113],[141.54229,40.53071],[141.64629,40.47363],[141.79707,40.29116],[141.87793,40.06724],[141.93506,39.9585],[141.97783,39.84443],[141.99082,39.79224],[141.99189,39.73989],[141.9791,39.66836],[141.99316,39.61055],[141.97695,39.42881],[141.90947,39.2187],[141.90078,39.11133],[141.84209,39.09004],[141.80654,39.04043],[141.77617,39.01743],[141.74248,38.99961],[141.69355,38.99517],[141.65859,38.97485],[141.64473,38.91792],[141.62227,38.86514],[141.57969,38.8165],[141.54629,38.76284],[141.51875,38.63203],[141.50879,38.49785],[141.46748,38.40415],[141.36816,38.37974],[141.2543,38.3814],[141.1084,38.33794],[141.07734,38.31255],[140.96211,38.14888],[140.929,38.05288],[140.92793,37.94961],[140.95996,37.82261],[141.00342,37.69844],[141.03633,37.46724],[141.00166,37.11465],[140.96836,37.00205],[140.89512,36.92573],[140.83965,36.89033],[140.7918,36.84687],[140.72988,36.73188],[140.62734,36.50278],[140.61885,36.44531],[140.61924,36.3856],[140.5916,36.30781],[140.57354,36.23135],[140.59043,36.14243],[140.62197,36.05923],[140.75957,35.8457],[140.81348,35.78252],[140.87402,35.72495],[140.63926,35.66128],[140.59688,35.63203],[140.45742,35.51025],[140.41289,35.39478],[140.4165,35.26699],[140.39297,35.22114],[140.35469,35.18145],[140.31475,35.15503],[140.15889,35.09648],[140.05918,35.03828],[139.95977,34.94731],[139.92041,34.89961],[139.84395,34.91489],[139.79922,34.95693],[139.84326,35.00986],[139.82969,35.07217],[139.85146,35.23232],[139.82646,35.29668],[139.90615,35.34526],[139.94414,35.423],[140.02715,35.48521],[140.08633,35.54043],[140.09688,35.58516],[140.04365,35.63335],[139.9875,35.66821],[139.90977,35.66836],[139.83477,35.65806],[139.78633,35.61211],[139.77012,35.54956],[139.77393,35.52036],[139.76777,35.49482],[139.65,35.40913],[139.66553,35.31948],[139.7,35.27397],[139.74404,35.25239],[139.73086,35.22153],[139.675,35.14927],[139.63594,35.14214],[139.56406,35.24326],[139.47441,35.29854],[139.36348,35.2981],[139.24941,35.27803],[139.1627,35.21074],[139.13408,35.15488],[139.11582,35.09712],[139.12197,34.95649],[139.08604,34.83916],[139.01562,34.73604],[138.98262,34.69839],[138.89668,34.62842],[138.8375,34.61924],[138.79512,34.65103],[138.76104,34.69922],[138.80449,34.87573],[138.80273,34.9748],[138.90361,35.02524],[138.8209,35.0957],[138.71963,35.12407],[138.57715,35.08647],[138.53701,35.04414],[138.50957,34.98716],[138.43311,34.91519],[138.34863,34.84771],[138.25322,34.73267],[138.18906,34.59634],[137.979,34.64092],[137.86426,34.65088],[137.74854,34.64741],[137.54336,34.66421],[137.31807,34.63638],[137.06172,34.58281],[137.07705,34.62144],[137.28779,34.70352],[137.29541,34.72759],[137.2752,34.77251],[137.22266,34.77471],[137.09658,34.75903],[137.03223,34.76592],[137.00596,34.81411],[136.96328,34.83491],[136.93477,34.81519],[136.94414,34.72153],[136.91289,34.70903],[136.87129,34.73311],[136.88457,34.80586],[136.85615,34.9125],[136.85293,34.97871],[136.89707,35.03555],[136.85186,35.05952],[136.8042,35.05029],[136.74355,35.023],[136.69004,34.98413],[136.57695,34.78955],[136.53301,34.67837],[136.61582,34.58906],[136.8416,34.46421],[136.88027,34.43359],[136.88115,34.38047],[136.85371,34.32407],[136.79219,34.29927],[136.54443,34.25771],[136.32988,34.17686],[136.26787,34.09487],[136.07256,33.77822],[135.91621,33.56172],[135.69531,33.48696],[135.45283,33.55337],[135.39424,33.62876],[135.34678,33.72197],[135.25664,33.80625],[135.17539,33.89805],[135.12793,34.00698],[135.13535,34.18262],[135.1001,34.28838],[135.13193,34.31655],[135.26562,34.38081],[135.30928,34.4168],[135.38477,34.50044],[135.41182,34.54697],[135.41592,34.61748],[135.35518,34.6543],[135.19824,34.65293],[135.0417,34.63101],[134.92988,34.66182],[134.78496,34.74707],[134.74004,34.76523],[134.58379,34.77061],[134.47227,34.75479],[134.3627,34.72368],[134.24688,34.71387],[134.2083,34.69766],[134.07451,34.59312],[133.96826,34.52729],[133.87637,34.49463],[133.67793,34.48589],[133.57861,34.4647],[133.47441,34.43013],[133.44531,34.43315],[133.33564,34.38535],[133.20977,34.34399],[133.14238,34.30244],[133.01895,34.32959],[132.77461,34.25522],[132.65654,34.24609],[132.53447,34.28706],[132.42129,34.35337],[132.3126,34.32495],[132.23809,34.227],[132.20195,34.03203],[132.15938,33.94424],[132.14648,33.83877],[132.09023,33.85547],[131.76318,34.04526],[131.74053,34.05205],[131.47617,34.01938],[131.40791,34.00361],[131.32275,33.96519],[131.23262,33.948],[131.15039,33.97563],[131.07188,34.02065],[130.99639,34.00728],[130.91885,33.97573],[130.88926,34.26182],[130.9043,34.29956],[130.95186,34.34971],[131.0042,34.39258],[131.13223,34.40737],[131.26182,34.39346],[131.35439,34.41318],[131.43252,34.46982],[131.51504,34.55015],[131.60801,34.61548],[131.73408,34.66709],[131.85605,34.72632],[131.96309,34.80937],[132.06475,34.9],[132.1582,34.9665],[132.25957,35.02231],[132.41406,35.1563],[132.61904,35.30684],[132.69766,35.41831],[132.74658,35.44902],[132.92295,35.51128],[133.15693,35.55884],[133.26719,35.55654],[133.37646,35.45884],[133.43535,35.47222],[133.49492,35.49746],[133.61543,35.51143],[133.73936,35.49526],[133.86025,35.49487],[133.98125,35.50723],[134.21406,35.53926],[134.33652,35.57793],[134.45605,35.62793],[134.88223,35.66323],[135.17432,35.74707],[135.22051,35.74111],[135.26543,35.72178],[135.26875,35.65967],[135.23203,35.59189],[135.26777,35.55088],[135.32695,35.52554],[135.60186,35.51772],[135.68027,35.50312],[135.79502,35.54951],[135.90313,35.60688],[136.01621,35.68252],[136.09531,35.76763],[136.02227,35.87412],[136.00625,35.99058],[136.06748,36.11685],[136.15625,36.22334],[136.26182,36.2877],[136.35898,36.36177],[136.55586,36.57197],[136.69814,36.74204],[136.74932,36.95103],[136.71924,37.19839],[136.84346,37.38213],[136.9623,37.41367],[137.19863,37.49746],[137.32266,37.52207],[137.34121,37.48545],[137.3375,37.43745],[137.15205,37.28315],[137.0458,37.21973],[136.98223,37.20005],[136.92402,37.17197],[136.8999,37.11768],[136.99443,37.02676],[137.01855,36.95962],[137.0127,36.89512],[137.0167,36.83721],[137.12373,36.77407],[137.24629,36.75317],[137.29766,36.75376],[137.34258,36.77036],[137.48262,36.92476],[137.51406,36.95156],[137.91318,37.0646],[138.10957,37.15107],[138.21807,37.17339],[138.31992,37.21841],[138.54834,37.39214],[138.63281,37.47217],[138.70938,37.56064],[138.77061,37.66343],[138.81885,37.77471],[138.88506,37.84395],[139.24717,38.00908],[139.36387,38.09902],[139.40098,38.14258],[139.4458,38.26875],[139.47676,38.3998],[139.5208,38.50254],[139.58018,38.59888],[139.65977,38.69702],[139.74912,38.78813],[139.80195,38.88159],[139.87861,39.10493],[139.9123,39.22856],[139.93857,39.27314],[139.97715,39.31064],[140.01084,39.35806],[140.03652,39.41113],[140.04814,39.46372],[140.06475,39.62441],[140.05469,39.74927],[139.99473,39.85508],[139.94521,39.88511],[139.89121,39.88687],[139.81035,39.87773],[139.7415,39.92085],[139.75547,39.95894],[139.82568,39.96602],[139.87363,39.98569],[139.90801,40.02173],[139.97246,40.13696],[140.01113,40.26035],[140.01445,40.31489],[139.96406,40.41431],[139.92393,40.53389],[139.92285,40.59844],[139.9667,40.67275],[140.0293,40.73315],[140.08535,40.74736],[140.14609,40.75156],[140.20127,40.7749],[140.25234,40.80879],[140.28125,40.84609],[140.32627,40.94766],[140.34355,41.00566],[140.31523,41.16089],[140.34443,41.20332],[140.38594,41.22979],[140.44131,41.20967],[140.49805,41.20566],[140.56416,41.21182],[140.62764,41.19541],[140.63965,41.15562],[140.67939,40.89326],[140.70244,40.85781],[140.74863,40.83032],[140.80078,40.83433],[140.8458,40.87515],[140.87617,40.92954],[140.93604,40.94077],[141.11855,40.88228],[141.1832,40.92402],[141.22539,40.98848],[141.26211,41.10269],[141.24424,41.20562],[141.20039,41.2436],[141.15508,41.23672],[141.11504,41.2085],[141.07041,41.19307],[140.80059,41.13882],[140.80186,41.25366],[140.85957,41.42544],[140.8915,41.47979],[140.93691,41.50557],[141.0502,41.47573],[141.10586,41.45586],[141.2293,41.37266]]]]}},{"type":"Feature","properties":{},"geometry":{"type":"MultiPolygon","coordinates":[[[[134.35742,34.25635],[134.4957,34.21475],[134.6375,34.22661],[134.63525,34.04395],[134.65537,33.98262],[134.69531,33.92773],[134.6748,33.8478],[134.73887,33.82051],[134.54873,33.7293],[134.37705,33.6084],[134.30654,33.52681],[134.24268,33.43945],[134.20566,33.34697],[134.18164,33.24722],[134.12412,33.28677],[133.95869,33.44834],[133.854,33.49268],[133.68564,33.51631],[133.63203,33.51099],[133.28594,33.35996],[133.23994,33.24961],[133.14561,33.08315],[133.10088,33.02822],[133.05117,33.01245],[133.01602,32.98389],[132.97725,32.84199],[132.86992,32.75459],[132.8043,32.752],[132.69219,32.77593],[132.6418,32.76245],[132.70898,32.90249],[132.60195,32.91953],[132.49512,32.9166],[132.49258,33.00767],[132.42783,33.05937],[132.47578,33.12646],[132.47715,33.18115],[132.50527,33.21128],[132.51504,33.25537],[132.51143,33.29307],[132.44541,33.30459],[132.40518,33.33125],[132.41279,33.43047],[132.3749,33.43408],[132.28105,33.4168],[132.08584,33.34014],[132.03262,33.33999],[132.11445,33.39458],[132.28789,33.46953],[132.36592,33.51245],[132.53604,33.63291],[132.64307,33.68994],[132.69893,33.79092],[132.71621,33.85225],[132.75234,33.90615],[132.78428,33.99243],[132.83945,34.02124],[132.93516,34.09531],[132.99014,34.08813],[133.05127,33.99712],[133.13369,33.92729],[133.19307,33.9332],[133.29883,33.96899],[133.3498,33.97705],[133.47207,33.9728],[133.58203,34.01714],[133.62676,34.06938],[133.64346,34.13467],[133.60264,34.24385],[133.65557,34.23286],[133.70625,34.23735],[133.82559,34.30684],[133.94834,34.34805],[134.07588,34.3584],[134.21924,34.31904],[134.35742,34.25635]]]]}},{"type":"Feature","properties":{},"geometry":{"type":"MultiPolygon","coordinates":[[[[131.17461,33.60259],[131.30918,33.57275],[131.36602,33.5709],[131.41875,33.58442],[131.49883,33.62358],[131.58301,33.65239],[131.64307,33.63779],[131.69629,33.60283],[131.72422,33.55381],[131.71064,33.50234],[131.61553,33.39185],[131.5374,33.27407],[131.71709,33.2521],[131.89658,33.25459],[131.85469,33.18164],[131.84785,33.11807],[131.90273,33.08779],[131.94932,33.04707],[131.93721,33.01016],[131.91045,32.97368],[132.00859,32.91904],[132.00215,32.88237],[131.97666,32.84395],[131.73213,32.59282],[131.66035,32.46562],[131.61035,32.32549],[131.56465,32.22305],[131.53115,32.11675],[131.50566,32.00195],[131.46025,31.8835],[131.47529,31.77842],[131.45996,31.6708],[131.33721,31.40469],[131.24971,31.40962],[131.13975,31.44185],[131.0708,31.43687],[131.03516,31.37769],[131.09844,31.25615],[130.90225,31.11206],[130.68574,31.01514],[130.68418,31.05928],[130.70449,31.09409],[130.73574,31.12207],[130.7584,31.15581],[130.78975,31.26909],[130.77422,31.3832],[130.70898,31.52607],[130.7042,31.57744],[130.74941,31.59819],[130.77979,31.6041],[130.79629,31.62407],[130.79688,31.67129],[130.77627,31.7063],[130.71455,31.71768],[130.65508,31.71841],[130.61348,31.66543],[130.55605,31.56309],[130.52813,31.45967],[130.54043,31.40308],[130.56592,31.35239],[130.64453,31.26748],[130.62148,31.21753],[130.58877,31.17852],[130.31064,31.26689],[130.25059,31.27319],[130.20068,31.29189],[130.14727,31.4085],[130.26055,31.43657],[130.29414,31.45068],[130.30664,31.48779],[130.32197,31.60146],[130.26895,31.69634],[130.22422,31.73008],[130.18789,31.76885],[130.21094,31.84897],[130.1958,31.94985],[130.19443,32.09077],[130.21406,32.11504],[130.31914,32.14351],[130.39492,32.21899],[130.46201,32.30493],[130.56035,32.45605],[130.64053,32.61924],[130.56328,32.62637],[130.49785,32.65693],[130.56943,32.73413],[130.54727,32.83159],[130.44043,32.95137],[130.38174,33.09258],[130.2873,33.15479],[130.2375,33.17764],[130.17686,33.14453],[130.12686,33.10483],[130.17314,33.01299],[130.16777,32.93179],[130.175,32.85132],[130.22217,32.84683],[130.28008,32.86685],[130.32646,32.85264],[130.35352,32.81035],[130.36084,32.75586],[130.34043,32.70186],[130.29766,32.675],[130.24551,32.67715],[130.19297,32.7063],[130.15205,32.74785],[130.0541,32.7708],[129.95078,32.72173],[129.85254,32.62173],[129.76855,32.571],[129.80811,32.64526],[129.82676,32.72534],[129.78594,32.78164],[129.69004,32.87524],[129.66777,32.92939],[129.6623,32.99492],[129.6791,33.05996],[129.77773,32.98555],[129.82832,32.89268],[129.90078,32.8519],[129.9917,32.85156],[129.92188,32.98799],[129.89678,33.02236],[129.79873,33.08359],[129.66504,33.18662],[129.58008,33.23628],[129.61016,33.34365],[129.65996,33.36499],[129.70215,33.35981],[129.84414,33.32178],[129.85752,33.37524],[129.83662,33.40381],[129.82568,33.43701],[129.91914,33.4835],[130.07207,33.52178],[130.10342,33.5397],[130.13057,33.57817],[130.16797,33.59829],[130.2751,33.59771],[130.36504,33.63447],[130.43945,33.73423],[130.45723,33.78896],[130.48379,33.83462],[130.66953,33.91548],[130.71563,33.92778],[130.83965,33.91777],[130.95312,33.87202],[131.00908,33.77583],[131.05811,33.67285],[131.17461,33.60259]]]]}},{"type":"Feature","properties":{},"geometry":{"type":"MultiPolygon","coordinates":[[[[121.00879,22.62036],[120.94688,22.50308],[120.89736,22.37915],[120.87734,22.26221],[120.87842,22.14155],[120.86426,22.03267],[120.83984,21.925],[120.74277,21.95601],[120.69014,22.03311],[120.67803,22.15967],[120.60762,22.31255],[120.58125,22.3564],[120.47979,22.44189],[120.3876,22.48452],[120.31621,22.54761],[120.32559,22.54243],[120.27285,22.62744],[120.23281,22.71792],[120.1501,22.9749],[120.12158,23.03701],[120.0834,23.0937],[120.07246,23.14976],[120.08555,23.21206],[120.12119,23.30518],[120.14297,23.39907],[120.12539,23.52661],[120.13213,23.65293],[120.15898,23.70903],[120.62969,24.47852],[120.75742,24.64229],[120.83594,24.72266],[120.90156,24.81328],[120.96406,24.92798],[121.04063,25.03281],[121.09541,25.06509],[121.36543,25.15918],[121.44961,25.24902],[121.51709,25.2769],[121.59365,25.27534],[121.64307,25.23242],[121.68711,25.18159],[121.7333,25.1541],[121.85283,25.10444],[121.90518,25.05645],[121.929,24.97373],[121.85625,24.89526],[121.82012,24.82451],[121.81338,24.74634],[121.82637,24.64053],[121.82803,24.53437],[121.73701,24.28525],[121.63936,24.13008],[121.61309,24.05273],[121.5834,23.86089],[121.52607,23.66826],[121.47715,23.42407],[121.39746,23.17251],[121.35225,23.06729],[121.2959,22.9666],[121.16123,22.77637],[121.00879,22.62036]]]]}},{"type":"Feature","properties":{},"geometry":{"type":"MultiPolygon","coordinates":[[[[110.88877,19.99194],[110.93828,19.94756],[110.9707,19.8833],[110.99766,19.7647],[111.01367,19.65547],[110.9127,19.58608],[110.82227,19.55791],[110.64092,19.29121],[110.60313,19.20703],[110.57217,19.17188],[110.5625,19.13516],[110.56602,19.09854],[110.51934,18.97021],[110.47764,18.8126],[110.45127,18.74795],[110.39951,18.69834],[110.33369,18.67329],[110.29082,18.66953],[110.25176,18.65576],[110.15625,18.56982],[110.04854,18.50522],[110.06641,18.47563],[110.06738,18.44756],[110.02021,18.41626],[109.96768,18.42207],[109.81563,18.39668],[109.75977,18.34829],[109.70273,18.25913],[109.68105,18.24712],[109.58955,18.22632],[109.51934,18.21826],[109.4001,18.2811],[109.34092,18.29961],[109.1832,18.32515],[109.02988,18.36777],[108.92227,18.41611],[108.70156,18.53525],[108.67607,18.75024],[108.63809,18.86631],[108.63564,18.90771],[108.65,19.26504],[108.66553,19.3041],[108.69355,19.33828],[108.79102,19.41816],[108.90283,19.48135],[109.06289,19.61357],[109.1791,19.67412],[109.27666,19.76113],[109.21953,19.75747],[109.17744,19.76846],[109.21895,19.84282],[109.26348,19.88267],[109.31484,19.90439],[109.41816,19.88882],[109.51367,19.90425],[109.58428,19.97031],[109.65137,19.98438],[109.90625,19.96274],[110.08301,19.99292],[110.17158,20.05371],[110.21338,20.05605],[110.34395,20.03882],[110.39229,19.97559],[110.38799,20.01802],[110.39355,20.05923],[110.41758,20.05474],[110.58818,19.97637],[110.58877,20.07246],[110.59834,20.09761],[110.65176,20.13774],[110.67852,20.13706],[110.74453,20.05947],[110.80908,20.0144],[110.88877,19.99194]]]]}},{"type":"Feature","properties":{},"geometry":{"type":"MultiPolygon","coordinates":[[[[145.7084,18.7625],[145.67813,18.72524],[145.65254,18.75264],[145.64551,18.80679],[145.69014,18.80161],[145.70664,18.79048],[145.7084,18.7625]]]]}},{"type":"Feature","properties":{},"geometry":{"type":"MultiPolygon","coordinates":[[[[145.71211,16.33911],[145.69023,16.33213],[145.6583,16.33579],[145.63604,16.35151],[145.63105,16.37798],[145.69551,16.37964],[145.71953,16.35977],[145.71211,16.33911]]]]}},{"type":"Feature","properties":{},"geometry":{"type":"MultiPolygon","coordinates":[[[[145.26484,14.15811],[145.21533,14.11133],[145.17959,14.121],[145.15742,14.13691],[145.15215,14.16362],[145.23242,14.18945],[145.26543,14.18022],[145.26484,14.15811]]]]}},{"type":"Feature","properties":{},"geometry":{"type":"MultiPolygon","coordinates":[[[[114.23203,22.21055],[114.20723,22.19517],[114.13877,22.26836],[114.13447,22.29224],[114.1874,22.29663],[114.24687,22.26357],[114.24355,22.23354],[114.23203,22.21055]]]]}},{"type":"Feature","properties":{},"geometry":{"type":"MultiPolygon","coordinates":[[[[126.75303,34.34399],[126.76992,34.29644],[126.68906,34.30542],[126.64609,34.35112],[126.65186,34.39033],[126.7,34.3959],[126.75303,34.34399]]]]}},{"type":"Feature","properties":{},"geometry":{"type":"MultiPolygon","coordinates":[[[[121.15938,6.07563],[121.21387,6.00352],[121.28252,6.02227],[121.3915,6.0021],[121.41465,5.9645],[121.41104,5.93984],[121.29443,5.86997],[121.21816,5.94272],[121.08301,5.89302],[121.01855,5.92295],[120.93066,5.89619],[120.87637,5.95264],[120.89824,6.00693],[121.0377,6.096],[121.15938,6.07563]]]]}},{"type":"Feature","properties":{},"geometry":{"type":"MultiPolygon","coordinates":[[[[134.35186,34.48364],[134.3332,34.46377],[134.31533,34.46895],[134.25186,34.42305],[134.23809,34.46704],[134.18828,34.49634],[134.18213,34.51924],[134.32598,34.53437],[134.37227,34.52236],[134.35186,34.48364]]]]}},{"type":"Feature","properties":{},"geometry":{"type":"MultiPolygon","coordinates":[[[[134.59541,7.38203],[134.53467,7.36064],[134.50625,7.43711],[134.51572,7.52578],[134.55596,7.59395],[134.59971,7.61577],[134.60869,7.62358],[134.65117,7.71211],[134.65957,7.66328],[134.63271,7.50132],[134.59824,7.43828],[134.59541,7.38203]]]]}},{"type":"Feature","properties":{},"geometry":{"type":"MultiPolygon","coordinates":[[[[145.77754,18.07896],[145.7291,18.05693],[145.78926,18.15542],[145.80742,18.17266],[145.83545,18.13677],[145.77754,18.07896]]]]}},{"type":"Feature","properties":{},"geometry":{"type":"MultiPolygon","coordinates":[[[[145.75195,15.13315],[145.74922,15.10723],[145.69824,15.11353],[145.68428,15.1251],[145.71318,15.21528],[145.78633,15.25688],[145.82188,15.26538],[145.78857,15.22266],[145.78232,15.17461],[145.75195,15.13315]]]]}},{"type":"Feature","properties":{},"geometry":{"type":"MultiPolygon","coordinates":[[[[144.7418,13.25928],[144.69951,13.25752],[144.66279,13.29106],[144.65,13.31348],[144.64932,13.42871],[144.79033,13.52686],[144.83672,13.62236],[144.87539,13.61465],[144.90967,13.59902],[144.94082,13.57031],[144.77988,13.41113],[144.7418,13.25928]]]]}},{"type":"Feature","properties":{},"geometry":{"type":"MultiPolygon","coordinates":[[[[145.6623,14.97051],[145.621,14.91953],[145.5916,14.99883],[145.58672,15.03081],[145.6248,15.06016],[145.64736,15.05947],[145.6623,14.97051]]]]}},{"type":"Feature","properties":{},"geometry":{"type":"MultiPolygon","coordinates":[[[[138.14268,9.50068],[138.06709,9.41904],[138.06191,9.44575],[138.08506,9.49458],[138.11689,9.5502],[138.14697,9.58359],[138.18584,9.59331],[138.21357,9.54722],[138.18252,9.50737],[138.14268,9.50068]]]]}},{"type":"Feature","properties":{},"geometry":{"type":"MultiPolygon","coordinates":[[[[158.31484,6.81367],[158.25654,6.79102],[158.1834,6.80127],[158.16084,6.88281],[158.12764,6.90464],[158.13477,6.94482],[158.18613,6.97773],[158.29463,6.95107],[158.33496,6.89316],[158.30938,6.85464],[158.31484,6.81367]]]]}},{"type":"Feature","properties":{},"geometry":{"type":"MultiPolygon","coordinates":[[[[117.35527,8.21465],[117.28701,8.19102],[117.27227,8.25352],[117.28086,8.31499],[117.32959,8.3085],[117.35371,8.28926],[117.35527,8.21465]]]]}},{"type":"Feature","properties":{},"geometry":{"type":"MultiPolygon","coordinates":[[[[117.07988,7.8834],[117.02832,7.80752],[116.96953,7.89492],[116.97578,8.01665],[116.99355,8.05054],[117.07705,8.06914],[117.07988,7.8834]]]]}},{"type":"Feature","properties":{},"geometry":{"type":"MultiPolygon","coordinates":[[[[119.91621,10.48599],[119.79316,10.45527],[119.76445,10.55161],[119.85205,10.64014],[119.9502,10.60479],[120.0084,10.57012],[119.98115,10.53872],[119.91621,10.48599]]]]}},{"type":"Feature","properties":{},"geometry":{"type":"MultiPolygon","coordinates":[[[[119.86143,11.52534],[119.88291,11.47241],[119.85488,11.39307],[119.83066,11.37568],[119.79863,11.40874],[119.72998,11.43193],[119.72559,11.47466],[119.76143,11.47363],[119.82676,11.51543],[119.86143,11.52534]]]]}},{"type":"Feature","properties":{},"geometry":{"type":"MultiPolygon","coordinates":[[[[120.1,12.16768],[120.15469,12.15239],[120.19375,12.16704],[120.22822,12.21982],[120.26055,12.14175],[120.34141,12.07744],[120.31455,12.0124],[120.24346,12.00479],[120.17363,12.01963],[120.1001,11.99375],[120.01055,12.00825],[119.95703,12.06924],[119.89609,12.17876],[119.86592,12.19902],[119.86963,12.24399],[119.8918,12.27251],[119.88008,12.27988],[119.88574,12.29985],[119.89668,12.31343],[119.91641,12.31909],[119.96387,12.27041],[120.07754,12.19775],[120.1,12.16768]]]]}},{"type":"Feature","properties":{},"geometry":{"type":"MultiPolygon","coordinates":[[[[120.03877,11.70332],[119.96387,11.66938],[119.94492,11.69072],[119.93174,11.74033],[119.93281,11.77446],[119.86094,11.95396],[119.91602,11.98135],[119.95654,11.96025],[119.99785,11.93213],[120.03594,11.91724],[120.0707,11.86055],[120.0624,11.82134],[120.07314,11.7835],[120.03877,11.70332]]]]}},{"type":"Feature","properties":{},"geometry":{"type":"MultiPolygon","coordinates":[[[[122.64951,10.47271],[122.62187,10.45903],[122.59717,10.46104],[122.53838,10.42495],[122.5167,10.49253],[122.5375,10.60757],[122.62578,10.69502],[122.64844,10.72251],[122.67256,10.73882],[122.70127,10.74062],[122.7292,10.7064],[122.73721,10.65459],[122.68125,10.49824],[122.64951,10.47271]]]]}},{"type":"Feature","properties":{},"geometry":{"type":"MultiPolygon","coordinates":[[[[123.37031,9.44961],[123.33174,9.42295],[123.31602,9.48896],[123.32705,9.57808],[123.40371,9.88926],[123.38623,9.96709],[123.51436,10.14033],[123.59287,10.30293],[123.71143,10.47368],[123.72646,10.56221],[123.83154,10.73101],[123.92988,10.96382],[123.92461,11.04092],[123.9501,11.07915],[123.96406,11.13745],[123.96719,11.18691],[124.03887,11.27354],[124.05791,11.21724],[124.03652,11.10669],[124.03984,11.05361],[124.05254,11.02876],[124.05332,10.92578],[124.02754,10.76787],[124.05127,10.5856],[124.00498,10.4001],[123.95215,10.3166],[123.87393,10.25771],[123.78867,10.2208],[123.70049,10.12832],[123.64336,10.02021],[123.63398,9.92173],[123.49355,9.58931],[123.37031,9.44961]]]]}},{"type":"Feature","properties":{},"geometry":{"type":"MultiPolygon","coordinates":[[[[123.75703,11.2833],[123.81563,11.15073],[123.73672,11.15146],[123.70762,11.248],[123.74141,11.27915],[123.75703,11.2833]]]]}},{"type":"Feature","properties":{},"geometry":{"type":"MultiPolygon","coordinates":[[[[124.59385,9.78721],[124.58428,9.75049],[124.50566,9.75352],[124.47754,9.7479],[124.40342,9.6541],[124.35986,9.63022],[124.12246,9.59932],[123.93564,9.62397],[123.87168,9.67573],[123.82998,9.76113],[123.81719,9.81738],[123.86387,9.87881],[123.90889,9.91963],[124.05977,10.0002],[124.09385,10.06133],[124.17285,10.13521],[124.33574,10.15991],[124.35156,10.14136],[124.37324,10.12959],[124.40586,10.12642],[124.48633,10.06548],[124.57715,10.02671],[124.55508,9.8792],[124.58223,9.82959],[124.59385,9.78721]]]]}},{"type":"Feature","properties":{},"geometry":{"type":"MultiPolygon","coordinates":[[[[124.80664,9.14263],[124.77793,9.08311],[124.66582,9.13232],[124.63906,9.1751],[124.65332,9.22583],[124.70811,9.24302],[124.73682,9.24316],[124.79023,9.19009],[124.80664,9.14263]]]]}},{"type":"Feature","properties":{},"geometry":{"type":"MultiPolygon","coordinates":[[[[123.69766,9.2373],[123.70625,9.13354],[123.61445,9.10332],[123.54072,9.12974],[123.49346,9.19209],[123.49355,9.21553],[123.53516,9.21357],[123.62607,9.26826],[123.65488,9.27876],[123.69766,9.2373]]]]}},{"type":"Feature","properties":{},"geometry":{"type":"MultiPolygon","coordinates":[[[[120.25039,5.25659],[120.22324,5.19624],[120.1916,5.16831],[120.15,5.18408],[120.11836,5.21538],[120.10059,5.16899],[120.01328,5.15112],[119.95811,5.07954],[119.87754,5.06021],[119.82148,5.06953],[119.82734,5.13315],[119.98271,5.22842],[120.07969,5.26362],[120.16523,5.33242],[120.20801,5.34009],[120.22939,5.28408],[120.25039,5.25659]]]]}},{"type":"Feature","properties":{},"geometry":{"type":"MultiPolygon","coordinates":[[[[122.09287,6.42832],[121.99141,6.41455],[121.95918,6.41582],[121.87988,6.51758],[121.87246,6.56274],[121.80869,6.61372],[121.83203,6.66406],[121.91494,6.67622],[122.0583,6.74072],[122.28809,6.63892],[122.32354,6.60225],[122.25176,6.57979],[122.20098,6.48291],[122.09287,6.42832]]]]}},{"type":"Feature","properties":{},"geometry":{"type":"MultiPolygon","coordinates":[[[[126.05937,9.76621],[126.04678,9.76079],[125.99121,9.83853],[125.99863,9.92705],[126.07383,10.05923],[126.12949,9.94355],[126.12891,9.89111],[126.1208,9.86519],[126.17256,9.79995],[126.13691,9.76777],[126.05937,9.76621]]]]}},{"type":"Feature","properties":{},"geometry":{"type":"MultiPolygon","coordinates":[[[[125.69023,9.91445],[125.67256,9.88647],[125.64863,9.94409],[125.59053,9.99819],[125.53447,10.09009],[125.49482,10.1187],[125.52197,10.1915],[125.52461,10.30972],[125.58018,10.36367],[125.60586,10.37959],[125.64795,10.43682],[125.6668,10.44014],[125.68457,10.39204],[125.64668,10.24541],[125.70332,10.07178],[125.68437,9.96318],[125.69248,9.93901],[125.69023,9.91445]]]]}},{"type":"Feature","properties":{},"geometry":{"type":"MultiPolygon","coordinates":[[[[120.27129,13.75068],[120.27285,13.68296],[120.1042,13.78237],[120.09941,13.81694],[120.10342,13.84253],[120.1207,13.85806],[120.21143,13.82065],[120.27129,13.75068]]]]}},{"type":"Feature","properties":{},"geometry":{"type":"MultiPolygon","coordinates":[[[[121.91484,13.54033],[121.97656,13.5374],[121.9957,13.54678],[122.11455,13.46318],[122.10732,13.42085],[122.12236,13.36514],[122.05469,13.26865],[122.04238,13.23618],[122.00488,13.20498],[121.87588,13.28174],[121.8292,13.32861],[121.81504,13.42446],[121.86621,13.56616],[121.91484,13.54033]]]]}},{"type":"Feature","properties":{},"geometry":{"type":"MultiPolygon","coordinates":[[[[122.09404,12.35488],[122.01396,12.10562],[121.96016,12.19141],[121.98193,12.24531],[121.93564,12.29038],[121.92324,12.3313],[121.94102,12.3854],[121.98945,12.4353],[122.00156,12.59854],[122.10381,12.65063],[122.14502,12.65264],[122.13027,12.6126],[122.13164,12.53755],[122.09404,12.35488]]]]}},{"type":"Feature","properties":{},"geometry":{"type":"MultiPolygon","coordinates":[[[[122.31084,12.52881],[122.27979,12.49829],[122.26094,12.50308],[122.24785,12.55693],[122.27803,12.59292],[122.2875,12.58926],[122.31084,12.52881]]]]}},{"type":"Feature","properties":{},"geometry":{"type":"MultiPolygon","coordinates":[[[[122.65449,12.30903],[122.60332,12.2856],[122.49932,12.38369],[122.43887,12.42949],[122.42295,12.45508],[122.47188,12.49194],[122.60361,12.4916],[122.67363,12.42427],[122.6833,12.38232],[122.65449,12.30903]]]]}},{"type":"Feature","properties":{},"geometry":{"type":"MultiPolygon","coordinates":[[[[123.28184,12.85342],[123.36719,12.70083],[123.27422,12.80508],[123.16641,12.87588],[123.0542,12.99346],[122.97344,13.03472],[122.94902,13.05869],[122.95752,13.10718],[123.01709,13.11616],[123.04355,13.11338],[123.20625,12.90542],[123.28184,12.85342]]]]}},{"type":"Feature","properties":{},"geometry":{"type":"MultiPolygon","coordinates":[[[[123.77539,12.45391],[123.7791,12.36626],[123.7415,12.39854],[123.62061,12.57051],[123.58721,12.6333],[123.62148,12.6749],[123.70869,12.61079],[123.77539,12.45391]]]]}},{"type":"Feature","properties":{},"geometry":{"type":"MultiPolygon","coordinates":[[[[123.7166,12.28735],[123.9083,12.16909],[124.04033,11.9668],[124.05566,11.81157],[124.04551,11.75244],[123.98271,11.8189],[123.84775,11.91357],[123.754,11.93447],[123.7252,11.95156],[123.73604,12.00264],[123.6748,12.05],[123.66758,12.06934],[123.61201,12.09023],[123.53105,12.19663],[123.47373,12.21665],[123.41885,12.19424],[123.29268,12.03638],[123.15781,11.92563],[123.15586,11.96797],[123.21055,12.10659],[123.24531,12.32803],[123.26719,12.39546],[123.23984,12.49468],[123.23643,12.5835],[123.33701,12.54238],[123.46299,12.50122],[123.55898,12.44482],[123.5748,12.40693],[123.7166,12.28735]]]]}},{"type":"Feature","properties":{},"geometry":{"type":"MultiPolygon","coordinates":[[[[124.35361,13.63223],[124.32705,13.56738],[124.29453,13.59033],[124.24824,13.58667],[124.17539,13.53154],[124.05703,13.60557],[124.03887,13.66313],[124.12373,13.79048],[124.12285,13.97969],[124.15371,14.02617],[124.18623,14.05952],[124.2249,14.07759],[124.3083,13.94697],[124.33672,13.9311],[124.41719,13.87104],[124.39629,13.7501],[124.404,13.67944],[124.35361,13.63223]]]]}},{"type":"Feature","properties":{},"geometry":{"type":"MultiPolygon","coordinates":[[[[122.17539,14.04883],[122.17227,14.00801],[121.95625,14.15605],[121.94639,14.18149],[121.946,14.20513],[121.95918,14.22876],[122.17539,14.04883]]]]}},{"type":"Feature","properties":{},"geometry":{"type":"MultiPolygon","coordinates":[[[[122.0335,15.00503],[122.05156,14.96987],[122.03174,14.97163],[122.01729,14.96528],[121.97031,14.89297],[122.02168,14.75942],[121.98965,14.66216],[121.93301,14.65605],[121.91064,14.6665],[121.92217,14.71455],[121.93457,14.73662],[121.92305,14.8],[121.88926,14.83984],[121.8623,14.91719],[121.82031,14.96357],[121.83984,15.03813],[121.97168,15.04639],[122.0335,15.00503]]]]}},{"type":"Feature","properties":{},"geometry":{"type":"MultiPolygon","coordinates":[[[[121.92168,18.89473],[121.8582,18.8229],[121.8252,18.84272],[121.86074,18.91255],[121.85977,18.93677],[121.88887,18.99155],[121.94336,19.01045],[121.98789,18.95664],[121.92168,18.89473]]]]}},{"type":"Feature","properties":{},"geometry":{"type":"MultiPolygon","coordinates":[[[[121.25225,19.08242],[121.24668,19.01519],[121.19609,19.05068],[121.18486,19.10142],[121.18994,19.13892],[121.21318,19.18359],[121.24473,19.14302],[121.25225,19.08242]]]]}},{"type":"Feature","properties":{},"geometry":{"type":"MultiPolygon","coordinates":[[[[121.5209,19.36196],[121.53125,19.27134],[121.47207,19.27334],[121.38291,19.32847],[121.37461,19.3563],[121.37598,19.37969],[121.3916,19.39937],[121.5209,19.36196]]]]}},{"type":"Feature","properties":{},"geometry":{"type":"MultiPolygon","coordinates":[[[[121.96006,20.36587],[121.94131,20.35371],[121.91406,20.35942],[121.94121,20.45371],[121.99121,20.47959],[122.03115,20.46938],[121.96006,20.36587]]]]}},{"type":"Feature","properties":{},"geometry":{"type":"MultiPolygon","coordinates":[[[[121.87813,20.78188],[121.82959,20.70029],[121.79063,20.70117],[121.79648,20.74663],[121.84785,20.84126],[121.86699,20.83921],[121.87813,20.78188]]]]}},{"type":"Feature","properties":{},"geometry":{"type":"MultiPolygon","coordinates":[[[[95.36211,5.8124],[95.34258,5.78413],[95.2832,5.79854],[95.21768,5.8895],[95.24199,5.90703],[95.28252,5.89775],[95.35918,5.87676],[95.36602,5.84268],[95.36211,5.8124]]]]}},{"type":"Feature","properties":{},"geometry":{"type":"MultiPolygon","coordinates":[[[[117.1416,7.16821],[117.08066,7.11528],[117.06016,7.17886],[117.06426,7.26069],[117.14688,7.33701],[117.26406,7.35166],[117.28076,7.29062],[117.2668,7.2208],[117.23936,7.18477],[117.1416,7.16821]]]]}},{"type":"Feature","properties":{},"geometry":{"type":"MultiPolygon","coordinates":[[[[148.59951,45.31763],[148.41465,45.24717],[148.2623,45.21685],[148.00527,45.07017],[147.91377,44.99038],[147.78408,44.95859],[147.65781,44.97715],[147.62188,44.94473],[147.60957,44.88657],[147.56309,44.83555],[147.31016,44.67764],[147.20742,44.55356],[147.09844,44.53125],[146.89746,44.4043],[146.9335,44.51309],[146.97422,44.56572],[147.14092,44.66333],[147.15479,44.76621],[147.24658,44.85605],[147.43047,44.94521],[147.55781,45.06245],[147.65791,45.09302],[147.76943,45.19072],[147.88555,45.22563],[147.87266,45.30029],[147.92402,45.3833],[147.96455,45.37773],[148.05605,45.26211],[148.13008,45.2582],[148.32422,45.28242],[148.6123,45.48467],[148.70664,45.52065],[148.77266,45.52646],[148.81221,45.51001],[148.82617,45.48608],[148.82539,45.45591],[148.80303,45.41353],[148.83711,45.3627],[148.79072,45.32397],[148.59951,45.31763]]]]}},{"type":"Feature","properties":{},"geometry":{"type":"MultiPolygon","coordinates":[[[[146.71396,43.7438],[146.68301,43.71636],[146.60859,43.74048],[146.61348,43.79702],[146.62197,43.81299],[146.82461,43.8605],[146.88408,43.82915],[146.89902,43.80415],[146.71396,43.7438]]]]}},{"type":"Feature","properties":{},"geometry":{"type":"MultiPolygon","coordinates":[[[[146.20762,44.49766],[146.35596,44.42461],[146.56777,44.44043],[146.51621,44.37466],[146.43652,44.37568],[146.29619,44.28096],[146.17295,44.26865],[146.1123,44.24595],[145.91406,44.10371],[145.8873,44.04775],[145.76699,43.94072],[145.58682,43.84512],[145.55586,43.6646],[145.43926,43.73706],[145.42617,43.81035],[145.46172,43.8709],[145.66631,43.99907],[145.74834,44.07153],[145.77334,44.129],[145.85195,44.19302],[145.89023,44.24858],[145.94043,44.27266],[146.11211,44.50015],[146.20762,44.49766]]]]}},{"type":"Feature","properties":{},"geometry":{"type":"MultiPolygon","coordinates":[[[[124.29316,24.51592],[124.23428,24.35806],[124.18564,24.33506],[124.13574,24.34761],[124.08477,24.43584],[124.12041,24.46963],[124.17021,24.45186],[124.21055,24.45864],[124.30195,24.58711],[124.32402,24.56636],[124.29316,24.51592]]]]}},{"type":"Feature","properties":{},"geometry":{"type":"MultiPolygon","coordinates":[[[[123.88867,24.28013],[123.82559,24.26606],[123.7498,24.2833],[123.68066,24.28804],[123.67979,24.31777],[123.75234,24.34849],[123.75371,24.39131],[123.77148,24.41445],[123.93486,24.36201],[123.92813,24.32363],[123.88867,24.28013]]]]}},{"type":"Feature","properties":{},"geometry":{"type":"MultiPolygon","coordinates":[[[[125.44414,24.74316],[125.35938,24.71709],[125.26895,24.73252],[125.28359,24.87192],[125.31494,24.85239],[125.33457,24.80469],[125.40186,24.77686],[125.44414,24.74316]]]]}},{"type":"Feature","properties":{},"geometry":{"type":"MultiPolygon","coordinates":[[[[128.25879,26.65278],[128.1625,26.60693],[128.12695,26.55225],[128.03789,26.53359],[127.95127,26.45649],[127.86709,26.44248],[127.86924,26.38057],[127.90479,26.32812],[127.84873,26.31895],[127.79014,26.25508],[127.78555,26.20869],[127.80645,26.17124],[127.80361,26.15254],[127.72939,26.09717],[127.65313,26.09473],[127.64971,26.15449],[127.65488,26.19917],[127.72705,26.30791],[127.72891,26.43394],[127.7959,26.44854],[127.82041,26.46606],[127.92598,26.55571],[127.94551,26.59395],[127.89082,26.63105],[127.89482,26.67495],[127.90723,26.6936],[127.99434,26.67944],[128.02969,26.64687],[128.04678,26.64331],[128.09766,26.66777],[128.12158,26.71143],[128.2165,26.79688],[128.25488,26.88188],[128.33164,26.81211],[128.31094,26.7207],[128.25879,26.65278]]]]}},{"type":"Feature","properties":{},"geometry":{"type":"MultiPolygon","coordinates":[[[[128.99814,27.7208],[128.95625,27.70249],[128.9,27.72778],[128.88281,27.84243],[128.90762,27.898],[128.95166,27.91025],[128.98975,27.81113],[129.01641,27.77021],[128.99814,27.7208]]]]}},{"type":"Feature","properties":{},"geometry":{"type":"MultiPolygon","coordinates":[[[[129.45254,28.20898],[129.36641,28.12773],[129.2749,28.20088],[129.16465,28.24976],[129.21709,28.26294],[129.24785,28.28252],[129.25088,28.31357],[129.32246,28.35962],[129.46455,28.39526],[129.50967,28.39751],[129.56055,28.43105],[129.57715,28.46128],[129.59805,28.47588],[129.68955,28.51748],[129.71465,28.46963],[129.71045,28.43213],[129.6417,28.41128],[129.57461,28.36118],[129.5127,28.29873],[129.45674,28.27231],[129.43906,28.25479],[129.45254,28.20898]]]]}},{"type":"Feature","properties":{},"geometry":{"type":"MultiPolygon","coordinates":[[[[129.32402,28.10493],[129.33057,28.08159],[129.23242,28.10112],[129.19248,28.19248],[129.25742,28.17617],[129.27734,28.14473],[129.32402,28.10493]]]]}},{"type":"Feature","properties":{},"geometry":{"type":"MultiPolygon","coordinates":[[[[130.62275,30.26299],[130.5082,30.24141],[130.44561,30.2647],[130.38809,30.38818],[130.49717,30.46553],[130.64355,30.38896],[130.67324,30.36689],[130.62275,30.26299]]]]}},{"type":"Feature","properties":{},"geometry":{"type":"MultiPolygon","coordinates":[[[[130.95977,30.39692],[130.87217,30.38633],[130.87031,30.44424],[130.93994,30.5751],[130.94736,30.67119],[131.01221,30.79229],[131.03984,30.8189],[131.06035,30.82847],[131.08262,30.79087],[131.05742,30.64248],[130.99258,30.52998],[130.95977,30.39692]]]]}},{"type":"Feature","properties":{},"geometry":{"type":"MultiPolygon","coordinates":[[[[128.66533,32.78389],[128.7041,32.75688],[128.76104,32.77236],[128.80605,32.77598],[128.83857,32.76289],[128.87939,32.69331],[128.89453,32.65215],[128.82129,32.64634],[128.79043,32.63672],[128.75049,32.58613],[128.69297,32.60474],[128.65732,32.62842],[128.64912,32.66201],[128.66533,32.78389]]]]}},{"type":"Feature","properties":{},"geometry":{"type":"MultiPolygon","coordinates":[[[[130.08252,32.22969],[130.00352,32.19399],[129.99336,32.22817],[129.96016,32.24375],[130.01729,32.29185],[130.01533,32.31367],[129.9793,32.34619],[130.02129,32.46885],[130.00977,32.52163],[130.16777,32.54121],[130.19668,32.4916],[130.19951,32.34058],[130.08252,32.22969]]]]}},{"type":"Feature","properties":{},"geometry":{"type":"MultiPolygon","coordinates":[[[[130.38105,32.42373],[130.29258,32.41934],[130.25605,32.43101],[130.2417,32.46279],[130.36543,32.5272],[130.46143,32.51572],[130.41855,32.45771],[130.38105,32.42373]]]]}},{"type":"Feature","properties":{},"geometry":{"type":"MultiPolygon","coordinates":[[[[133.37051,36.20386],[133.32471,36.1665],[133.23926,36.17876],[133.18994,36.23262],[133.20615,36.29341],[133.2957,36.34014],[133.38125,36.24639],[133.37051,36.20386]]]]}},{"type":"Feature","properties":{},"geometry":{"type":"MultiPolygon","coordinates":[[[[138.34404,37.82212],[138.24902,37.81958],[138.2252,37.82939],[138.28281,37.8542],[138.28789,37.8958],[138.32227,37.96953],[138.32168,37.99082],[138.24619,37.99458],[138.25,38.07847],[138.30635,38.16113],[138.46133,38.29146],[138.50361,38.31592],[138.51006,38.25898],[138.46279,38.12432],[138.45361,38.07568],[138.5752,38.06553],[138.49697,37.90391],[138.34404,37.82212]]]]}},{"type":"Feature","properties":{},"geometry":{"type":"MultiPolygon","coordinates":[[[[139.48125,42.08101],[139.4584,42.07563],[139.43457,42.08408],[139.41152,42.15967],[139.43135,42.19956],[139.4958,42.22744],[139.5584,42.23521],[139.50508,42.09639],[139.48125,42.08101]]]]}},{"type":"Feature","properties":{},"geometry":{"type":"MultiPolygon","coordinates":[[[[139.84111,33.05605],[139.82383,33.04546],[139.77568,33.07822],[139.76895,33.10718],[139.77744,33.12515],[139.80889,33.12925],[139.87363,33.09351],[139.84111,33.05605]]]]}},{"type":"Feature","properties":{},"geometry":{"type":"MultiPolygon","coordinates":[[[[139.45645,34.72651],[139.4457,34.67954],[139.39238,34.68989],[139.36689,34.72051],[139.37002,34.77544],[139.42617,34.77588],[139.45645,34.72651]]]]}},{"type":"Feature","properties":{},"geometry":{"type":"MultiPolygon","coordinates":[[[[134.93281,34.28813],[134.82441,34.20293],[134.73066,34.20889],[134.6835,34.24697],[134.66787,34.29414],[134.75723,34.36816],[134.83428,34.47266],[134.9041,34.51909],[134.96074,34.54492],[135.00469,34.54404],[134.90547,34.39829],[134.93281,34.28813]]]]}},{"type":"Feature","properties":{},"geometry":{"type":"MultiPolygon","coordinates":[[[[129.07695,32.84028],[129.05195,32.82949],[129.01963,32.91963],[128.99727,32.95186],[129.03496,32.96909],[129.10977,33.13257],[129.12363,33.06768],[129.15273,33.00332],[129.18193,32.99312],[129.15352,32.94619],[129.11162,32.92886],[129.07695,32.84028]]]]}},{"type":"Feature","properties":{},"geometry":{"type":"MultiPolygon","coordinates":[[[[129.4918,33.22305],[129.42139,33.17583],[129.37041,33.17603],[129.41699,33.2311],[129.42314,33.25737],[129.46191,33.33125],[129.53799,33.35776],[129.56992,33.36104],[129.50811,33.28433],[129.4918,33.22305]]]]}},{"type":"Feature","properties":{},"geometry":{"type":"MultiPolygon","coordinates":[[[[129.7957,33.74883],[129.72656,33.70732],[129.6748,33.7397],[129.7,33.82891],[129.71729,33.8584],[129.77637,33.8292],[129.7957,33.74883]]]]}},{"type":"Feature","properties":{},"geometry":{"type":"MultiPolygon","coordinates":[[[[129.27949,34.12339],[129.21445,34.08281],[129.18643,34.14502],[129.21484,34.32065],[129.33711,34.28477],[129.33506,34.23081],[129.27949,34.12339]]]]}},{"type":"Feature","properties":{},"geometry":{"type":"MultiPolygon","coordinates":[[[[129.38564,34.35366],[129.36533,34.30552],[129.29746,34.3396],[129.2667,34.37046],[129.32939,34.52187],[129.32207,34.5793],[129.32588,34.60728],[129.45107,34.68657],[129.47246,34.67134],[129.48018,34.64946],[129.46914,34.61553],[129.47539,34.54043],[129.38145,34.41646],[129.38564,34.35366]]]]}},{"type":"Feature","properties":{},"geometry":{"type":"MultiPolygon","coordinates":[[[[132.57842,34.11519],[132.54941,34.0751],[132.46094,34.08726],[132.49629,34.12197],[132.52354,34.16406],[132.54346,34.17266],[132.56016,34.1269],[132.57842,34.11519]]]]}},{"type":"Feature","properties":{},"geometry":{"type":"MultiPolygon","coordinates":[[[[132.26602,33.94517],[132.31455,33.90859],[132.43047,33.92354],[132.44492,33.91318],[132.41104,33.87993],[132.35996,33.84702],[132.26729,33.87148],[132.20879,33.87285],[132.20059,33.92778],[132.20801,33.9478],[132.26602,33.94517]]]]}},{"type":"Feature","properties":{},"geometry":{"type":"MultiPolygon","coordinates":[[[[118.40742,24.52212],[118.45117,24.45557],[118.43271,24.41436],[118.29512,24.43633],[118.2873,24.47661],[118.33936,24.46914],[118.40742,24.52212]]]]}},{"type":"Feature","properties":{},"geometry":{"type":"MultiPolygon","coordinates":[[[[118.18301,24.49629],[118.14951,24.43613],[118.09053,24.44614],[118.08877,24.48887],[118.07676,24.50142],[118.09297,24.54121],[118.10381,24.55234],[118.1707,24.51851],[118.18301,24.49629]]]]}},{"type":"Feature","properties":{},"geometry":{"type":"MultiPolygon","coordinates":[[[[128.74102,34.79854],[128.64668,34.73687],[128.51953,34.81958],[128.48926,34.86528],[128.58594,34.93228],[128.66797,35.00879],[128.72188,35.01357],[128.74102,34.79854]]]]}},{"type":"Feature","properties":{},"geometry":{"type":"MultiPolygon","coordinates":[[[[128.06582,34.80586],[128.05469,34.70806],[127.98398,34.70322],[127.9418,34.76626],[127.89688,34.7355],[127.87344,34.73496],[127.83828,34.81333],[127.83223,34.87451],[127.91543,34.921],[127.96563,34.89302],[128.03799,34.87861],[128.06582,34.80586]]]]}},{"type":"Feature","properties":{},"geometry":{"type":"MultiPolygon","coordinates":[[[[127.79902,34.61504],[127.78779,34.58408],[127.7373,34.63091],[127.78711,34.68213],[127.79902,34.61504]]]]}},{"type":"Feature","properties":{},"geometry":{"type":"MultiPolygon","coordinates":[[[[126.32695,33.22363],[126.28203,33.20151],[126.24023,33.21484],[126.229,33.22524],[126.17871,33.28257],[126.16563,33.31201],[126.19941,33.36807],[126.3377,33.4604],[126.69551,33.54932],[126.75986,33.55322],[126.90117,33.51514],[126.93125,33.44385],[126.90537,33.38237],[126.87285,33.34116],[126.70918,33.27168],[126.58174,33.23833],[126.32695,33.22363]]]]}},{"type":"Feature","properties":{},"geometry":{"type":"MultiPolygon","coordinates":[[[[126.23369,34.37051],[126.16973,34.35518],[126.13379,34.3896],[126.10859,34.39873],[126.12285,34.44395],[126.22705,34.53271],[126.24746,34.56333],[126.34385,34.54492],[126.37988,34.49795],[126.33545,34.42642],[126.23369,34.37051]]]]}},{"type":"Feature","properties":{},"geometry":{"type":"MultiPolygon","coordinates":[[[[126.5207,37.73682],[126.51602,37.60469],[126.46084,37.61035],[126.42334,37.62363],[126.40723,37.64941],[126.36934,37.77202],[126.41162,37.82266],[126.49355,37.78257],[126.5207,37.73682]]]]}},{"type":"Feature","properties":{},"geometry":{"type":"MultiPolygon","coordinates":[[[[121.8627,31.49229],[121.78047,31.46377],[121.51992,31.54961],[121.33643,31.64375],[121.22686,31.75811],[121.21113,31.80537],[121.33896,31.79736],[121.46416,31.75645],[121.4918,31.69365],[121.54229,31.67393],[121.57656,31.6373],[121.8083,31.55215],[121.84365,31.52637],[121.8627,31.49229]]]]}},{"type":"Feature","properties":{},"geometry":{"type":"MultiPolygon","coordinates":[[[[122.2959,29.96343],[122.28154,29.94385],[122.15781,30.00127],[122.02402,30.01333],[121.97783,30.06382],[121.96943,30.14312],[122.11055,30.13975],[122.28447,30.06802],[122.32227,30.0314],[122.2959,29.96343]]]]}},{"type":"Feature","properties":{},"geometry":{"type":"MultiPolygon","coordinates":[[[[122.17256,29.679],[122.16904,29.66025],[122.08379,29.72534],[122.04268,29.73594],[122.0623,29.77275],[122.11963,29.78223],[122.16504,29.70078],[122.17256,29.679]]]]}},{"type":"Feature","properties":{},"geometry":{"type":"MultiPolygon","coordinates":[[[[122.40391,29.89238],[122.39404,29.84609],[122.36758,29.85269],[122.33184,29.93496],[122.35098,29.95522],[122.40156,29.95024],[122.40391,29.89238]]]]}},{"type":"Feature","properties":{},"geometry":{"type":"MultiPolygon","coordinates":[[[[119.8209,25.45698],[119.74668,25.41069],[119.70029,25.43271],[119.69941,25.49473],[119.72305,25.55059],[119.696,25.59087],[119.72256,25.63882],[119.77793,25.65317],[119.79746,25.62324],[119.82871,25.60737],[119.83838,25.59106],[119.83867,25.55967],[119.80908,25.50781],[119.83242,25.47959],[119.8209,25.45698]]]]}},{"type":"Feature","properties":{},"geometry":{"type":"MultiPolygon","coordinates":[[[[110.38516,21.09316],[110.42236,21.05859],[110.52158,21.08311],[110.53955,21.03901],[110.53887,21.01846],[110.50391,20.96772],[110.42188,21.00688],[110.33994,20.99775],[110.28096,21.00117],[110.26465,21.0252],[110.30986,21.07476],[110.38516,21.09316]]]]}},{"type":"Feature","properties":{},"geometry":{"type":"MultiPolygon","coordinates":[[[[107.60273,21.2168],[107.45869,21.09165],[107.40352,21.09365],[107.45254,21.2353],[107.47627,21.26895],[107.5627,21.22041],[107.60273,21.2168]]]]}},{"type":"Feature","properties":{},"geometry":{"type":"MultiPolygon","coordinates":[[[[107.52129,20.92661],[107.46553,20.90054],[107.39922,20.90347],[107.47861,20.95234],[107.51895,21.01284],[107.55127,21.03403],[107.55107,20.9812],[107.52129,20.92661]]]]}},{"type":"Feature","properties":{},"geometry":{"type":"MultiPolygon","coordinates":[[[[107.03135,20.74702],[106.99004,20.74307],[106.91064,20.82422],[106.95342,20.86704],[107.04375,20.83682],[107.06445,20.81729],[107.06396,20.79976],[107.04229,20.76104],[107.03135,20.74702]]]]}},{"type":"Feature","properties":{},"geometry":{"type":"MultiPolygon","coordinates":[[[[106.86563,20.81572],[106.8541,20.79639],[106.80313,20.84375],[106.76943,20.86421],[106.79531,20.92793],[106.85508,20.85825],[106.86563,20.81572]]]]}},{"type":"Feature","properties":{},"geometry":{"type":"MultiPolygon","coordinates":[[[[106.61748,8.68281],[106.58926,8.68052],[106.56797,8.70093],[106.65859,8.76636],[106.64951,8.723],[106.65254,8.70112],[106.61748,8.68281]]]]}},{"type":"Feature","properties":{},"geometry":{"type":"MultiPolygon","coordinates":[[[[104.06396,10.39082],[104.08301,10.34111],[104.07578,10.22485],[104.03682,10.11074],[104.04834,10.06104],[104.01846,10.0292],[103.95215,10.24292],[103.86797,10.3354],[103.84951,10.37109],[103.89844,10.36851],[103.98584,10.42695],[104.02773,10.42837],[104.06396,10.39082]]]]}},{"type":"Feature","properties":{},"geometry":{"type":"MultiPolygon","coordinates":[[[[103.04512,11.28506],[103.02734,11.27549],[103.01055,11.27578],[102.99336,11.29043],[102.99502,11.3481],[103.00752,11.3833],[103.03682,11.38994],[103.04512,11.28506]]]]}},{"type":"Feature","properties":{},"geometry":{"type":"MultiPolygon","coordinates":[[[[102.60645,11.67651],[102.58994,11.57217],[102.53281,11.61494],[102.54648,11.66777],[102.56895,11.6917],[102.60645,11.67651]]]]}},{"type":"Feature","properties":{},"geometry":{"type":"MultiPolygon","coordinates":[[[[102.42676,11.98872],[102.42998,11.96475],[102.37813,11.98296],[102.35996,11.97441],[102.30195,11.98081],[102.27334,12.11934],[102.27744,12.15186],[102.31885,12.14165],[102.37813,12.07285],[102.4084,12.0251],[102.42676,11.98872]]]]}},{"type":"Feature","properties":{},"geometry":{"type":"MultiPolygon","coordinates":[[[[100.28896,5.29473],[100.26377,5.26699],[100.19102,5.28286],[100.20391,5.44687],[100.24551,5.46777],[100.31016,5.43794],[100.33887,5.41006],[100.28896,5.29473]]]]}},{"type":"Feature","properties":{},"geometry":{"type":"MultiPolygon","coordinates":[[[[99.84805,6.46572],[99.91865,6.35859],[99.8834,6.31084],[99.86582,6.29707],[99.82324,6.31274],[99.78262,6.27158],[99.74375,6.26328],[99.70469,6.33755],[99.65664,6.36714],[99.64629,6.41836],[99.71055,6.42734],[99.74922,6.40962],[99.82168,6.44502],[99.84805,6.46572]]]]}},{"type":"Feature","properties":{},"geometry":{"type":"MultiPolygon","coordinates":[[[[99.66309,6.52192],[99.64404,6.51611],[99.60664,6.59683],[99.654,6.71411],[99.70137,6.57056],[99.66309,6.52192]]]]}},{"type":"Feature","properties":{},"geometry":{"type":"MultiPolygon","coordinates":[[[[100.07412,9.69668],[100.06445,9.67998],[100.02568,9.71172],[99.99805,9.74761],[99.9834,9.79355],[100.04346,9.79165],[100.07305,9.74912],[100.07412,9.69668]]]]}},{"type":"Feature","properties":{},"geometry":{"type":"MultiPolygon","coordinates":[[[[100.0707,9.58604],[100.07529,9.52944],[100.05371,9.46143],[99.9624,9.42163],[99.93125,9.47607],[99.93955,9.55996],[99.95361,9.58101],[100.04297,9.57686],[100.0707,9.58604]]]]}},{"type":"Feature","properties":{},"geometry":{"type":"MultiPolygon","coordinates":[[[[98.59199,7.93394],[98.57998,7.91704],[98.52939,8.10854],[98.6043,8.05732],[98.59199,7.93394]]]]}},{"type":"Feature","properties":{},"geometry":{"type":"MultiPolygon","coordinates":[[[[98.40908,7.90205],[98.39844,7.82842],[98.35742,7.82944],[98.31563,7.78232],[98.29629,7.77607],[98.2623,7.92607],[98.30137,8.13623],[98.32207,8.16631],[98.35098,8.11064],[98.43496,8.08564],[98.39883,7.96455],[98.40908,7.90205]]]]}},{"type":"Feature","properties":{},"geometry":{"type":"MultiPolygon","coordinates":[[[[98.30752,9.05146],[98.25078,9.04082],[98.2584,9.09541],[98.27363,9.12988],[98.30117,9.13911],[98.3125,9.08037],[98.30752,9.05146]]]]}},{"type":"Feature","properties":{},"geometry":{"type":"MultiPolygon","coordinates":[[[[98.5417,10.96152],[98.51895,10.95937],[98.49805,10.96426],[98.47744,10.97974],[98.52656,11.08696],[98.5417,10.96152]]]]}},{"type":"Feature","properties":{},"geometry":{"type":"MultiPolygon","coordinates":[[[[98.20977,10.95273],[98.29346,10.77969],[98.28438,10.75312],[98.27148,10.73989],[98.25176,10.74443],[98.21816,10.83774],[98.15537,10.89795],[98.08047,10.88662],[98.14258,10.96313],[98.16729,10.98032],[98.20977,10.95273]]]]}},{"type":"Feature","properties":{},"geometry":{"type":"MultiPolygon","coordinates":[[[[98.18262,9.93345],[98.13438,9.87539],[98.11807,9.87788],[98.14023,9.97466],[98.2207,10.04521],[98.2917,10.05132],[98.2834,10.00762],[98.23125,9.95396],[98.18262,9.93345]]]]}},{"type":"Feature","properties":{},"geometry":{"type":"MultiPolygon","coordinates":[[[[98.22168,11.47822],[98.21621,11.45576],[98.20938,11.45654],[98.1873,11.47241],[98.20107,11.56719],[98.23906,11.64473],[98.27812,11.7584],[98.29961,11.78301],[98.30752,11.7229],[98.28379,11.59409],[98.26328,11.52363],[98.22168,11.47822]]]]}},{"type":"Feature","properties":{},"geometry":{"type":"MultiPolygon","coordinates":[[[[98.51602,11.90503],[98.47432,11.89941],[98.45449,12.06128],[98.46621,12.08428],[98.52529,12.00518],[98.60957,11.95664],[98.57646,11.9251],[98.51602,11.90503]]]]}},{"type":"Feature","properties":{},"geometry":{"type":"MultiPolygon","coordinates":[[[[98.07549,11.69238],[98.08359,11.63682],[98.02109,11.6959],[98.01035,11.86025],[98.05957,11.75669],[98.08076,11.7332],[98.07549,11.69238]]]]}},{"type":"Feature","properties":{},"geometry":{"type":"MultiPolygon","coordinates":[[[[98.55381,11.74487],[98.52842,11.53867],[98.46484,11.56719],[98.43477,11.56709],[98.39688,11.68354],[98.39951,11.71484],[98.37646,11.7915],[98.52354,11.80493],[98.55381,11.74487]]]]}},{"type":"Feature","properties":{},"geometry":{"type":"MultiPolygon","coordinates":[[[[98.13672,12.15044],[98.1251,12.14487],[98.1085,12.1481],[98.07539,12.16445],[98.0373,12.23247],[98.05732,12.28008],[98.07139,12.2918],[98.10488,12.28779],[98.12246,12.27871],[98.12842,12.26123],[98.11846,12.22339],[98.12012,12.19131],[98.13672,12.15044]]]]}},{"type":"Feature","properties":{},"geometry":{"type":"MultiPolygon","coordinates":[[[[98.06611,12.38979],[98.06035,12.35352],[98.00234,12.279],[97.95176,12.32231],[97.93867,12.34609],[97.99023,12.3938],[98.04512,12.38701],[98.05986,12.39785],[98.06611,12.38979]]]]}},{"type":"Feature","properties":{},"geometry":{"type":"MultiPolygon","coordinates":[[[[98.41396,12.59795],[98.43643,12.57051],[98.46826,12.57134],[98.45947,12.47373],[98.38086,12.35366],[98.33447,12.33618],[98.31387,12.33599],[98.33145,12.51143],[98.30254,12.61157],[98.31211,12.67817],[98.39648,12.64712],[98.41396,12.59795]]]]}},{"type":"Feature","properties":{},"geometry":{"type":"MultiPolygon","coordinates":[[[[98.31543,13.09907],[98.30918,12.93472],[98.25928,13.01401],[98.25078,13.10439],[98.25459,13.18857],[98.26533,13.20225],[98.26855,13.18936],[98.29863,13.15166],[98.31543,13.09907]]]]}},{"type":"Feature","properties":{},"geometry":{"type":"MultiPolygon","coordinates":[[[[97.575,16.25322],[97.53721,16.24014],[97.48037,16.30571],[97.46914,16.46104],[97.51641,16.49688],[97.54199,16.50508],[97.579,16.48604],[97.59326,16.46079],[97.59961,16.42954],[97.58936,16.39736],[97.575,16.25322]]]]}},{"type":"Feature","properties":{},"geometry":{"type":"MultiPolygon","coordinates":[[[[99.07842,7.59185],[99.10439,7.47129],[99.06787,7.4959],[99.0377,7.54849],[99.03809,7.62573],[99.04512,7.63652],[99.07842,7.59185]]]]}},{"type":"Feature","properties":{},"geometry":{"type":"MultiPolygon","coordinates":[[[[124.31621,10.60601],[124.28848,10.60146],[124.33467,10.70669],[124.37109,10.69136],[124.38232,10.67983],[124.38135,10.63257],[124.31621,10.60601]]]]}},{"type":"Feature","properties":{},"geometry":{"type":"MultiPolygon","coordinates":[[[[125.28076,9.98218],[125.2877,9.93271],[125.15898,10.06294],[125.13301,10.15503],[125.17588,10.15107],[125.23096,10.11567],[125.28076,9.98218]]]]}},{"type":"Feature","properties":{},"geometry":{"type":"MultiPolygon","coordinates":[[[[122.93711,7.40913],[122.94805,7.38574],[122.94365,7.36104],[122.83955,7.3146],[122.80469,7.31597],[122.79658,7.39336],[122.82217,7.42847],[122.87119,7.39731],[122.91484,7.4334],[122.93711,7.40913]]]]}},{"type":"Feature","properties":{},"geometry":{"type":"MultiPolygon","coordinates":[[[[125.78457,6.96274],[125.76895,6.90576],[125.70752,7.03999],[125.68301,7.07319],[125.71445,7.18555],[125.7834,7.13066],[125.78457,6.96274]]]]}},{"type":"Feature","properties":{},"geometry":{"type":"MultiPolygon","coordinates":[[[[125.97051,9.59355],[125.95244,9.56797],[125.92207,9.62148],[125.94854,9.73921],[125.96777,9.75908],[125.99297,9.68457],[125.97051,9.59355]]]]}},{"type":"Feature","properties":{},"geometry":{"type":"MultiPolygon","coordinates":[[[[124.6084,11.49219],[124.4835,11.48584],[124.42881,11.53174],[124.36035,11.66592],[124.4374,11.69502],[124.51094,11.68711],[124.56494,11.6397],[124.62227,11.54956],[124.6084,11.49219]]]]}},{"type":"Feature","properties":{},"geometry":{"type":"MultiPolygon","coordinates":[[[[124.85439,11.59478],[124.83594,11.54331],[124.80664,11.55757],[124.78105,11.58076],[124.74365,11.65854],[124.73086,11.71533],[124.78838,11.68311],[124.82148,11.62661],[124.85439,11.59478]]]]}},{"type":"Feature","properties":{},"geometry":{"type":"MultiPolygon","coordinates":[[[[129.71797,31.65713],[129.68682,31.63965],[129.70684,31.71826],[129.7873,31.78711],[129.79365,31.74248],[129.71797,31.65713]]]]}},{"type":"Feature","properties":{},"geometry":{"type":"MultiPolygon","coordinates":[[[[126.41758,36.49258],[126.40381,36.42788],[126.3375,36.47056],[126.31855,36.61255],[126.38662,36.57114],[126.41758,36.49258]]]]}},{"type":"Feature","properties":{},"geometry":{"type":"MultiPolygon","coordinates":[[[[124.90527,39.53628],[124.84893,39.50757],[124.84609,39.55889],[124.88955,39.6021],[124.93457,39.60781],[124.90527,39.53628]]]]}},{"type":"Feature","properties":{},"geometry":{"type":"MultiPolygon","coordinates":[[[[121.25137,28.08643],[121.16426,28.0625],[121.13154,28.0626],[121.13398,28.13525],[121.20547,28.20439],[121.23438,28.1813],[121.25098,28.14521],[121.25137,28.08643]]]]}},{"type":"Feature","properties":{},"geometry":{"type":"MultiPolygon","coordinates":[[[[113.55527,22.8042],[113.56367,22.75791],[113.48564,22.82832],[113.46338,22.83237],[113.42607,22.85859],[113.40439,22.90283],[113.46494,22.90454],[113.52051,22.85205],[113.55527,22.8042]]]]}},{"type":"Feature","properties":{},"geometry":{"type":"MultiPolygon","coordinates":[[[[112.79023,21.60186],[112.77109,21.58184],[112.74199,21.61807],[112.7335,21.66992],[112.7127,21.69795],[112.76055,21.73325],[112.78203,21.77227],[112.83906,21.7645],[112.8626,21.75264],[112.8126,21.71216],[112.80068,21.69487],[112.79023,21.60186]]]]}},{"type":"Feature","properties":{},"geometry":{"type":"MultiPolygon","coordinates":[[[[112.64375,21.63965],[112.54561,21.61851],[112.525,21.62305],[112.55898,21.67476],[112.64766,21.71025],[112.64375,21.63965]]]]}},{"type":"Feature","properties":{},"geometry":{"type":"MultiPolygon","coordinates":[[[[113.99775,22.2105],[113.87734,22.21045],[113.85156,22.22046],[113.83887,22.2417],[113.88154,22.28027],[114.04395,22.3334],[114.00332,22.27754],[113.99775,22.2105]]]]}},{"type":"Feature","properties":{},"geometry":{"type":"MultiPolygon","coordinates":[[[[107.16768,10.39717],[107.08379,10.33657],[107.07793,10.3875],[107.15088,10.42031],[107.17656,10.44619],[107.19492,10.4457],[107.16768,10.39717]]]]}},{"type":"Feature","properties":{},"geometry":{"type":"MultiPolygon","coordinates":[[[[103.31777,10.71851],[103.28125,10.67969],[103.22295,10.75957],[103.22344,10.78198],[103.31777,10.71851]]]]}},{"type":"Feature","properties":{},"geometry":{"type":"MultiPolygon","coordinates":[[[[126.17197,34.73115],[126.15879,34.70698],[126.11523,34.71421],[126.07061,34.78306],[126.05205,34.83755],[126.00752,34.86748],[126.07842,34.91484],[126.16855,34.82969],[126.17197,34.73115]]]]}},{"type":"Feature","properties":{},"geometry":{"type":"MultiPolygon","coordinates":[[[[142.18818,26.6165],[142.16992,26.61567],[142.10713,26.72153],[142.12529,26.72646],[142.16172,26.70996],[142.20215,26.64878],[142.18818,26.6165]]]]}},{"type":"Feature","properties":{},"geometry":{"type":"MultiPolygon","coordinates":[[[[130.91602,37.47847],[130.87061,37.44873],[130.8168,37.47847],[130.81025,37.50991],[130.83838,37.53721],[130.90371,37.55371],[130.93428,37.52974],[130.91602,37.47847]]]]}},{"type":"Feature","properties":{},"geometry":{"type":"MultiPolygon","coordinates":[[[[17.97979,59.32905],[18.13262,59.31621],[18.21055,59.33145],[18.27051,59.36714],[18.33604,59.37534],[18.3958,59.3686],[18.45918,59.39673],[18.50889,59.40796],[18.56025,59.39448],[18.61758,59.32705],[18.49863,59.29194],[18.41426,59.29033],[18.37305,59.17974],[18.32197,59.13223],[18.28535,59.10938],[18.09814,59.0623],[17.97461,59.00264],[17.829,58.95459],[17.76543,58.96504],[17.66963,58.91621],[17.45674,58.8584],[17.34766,58.78052],[17.10283,58.71084],[16.97813,58.65415],[16.63936,58.65117],[16.31582,58.66362],[16.21426,58.63667],[16.31807,58.62832],[16.39082,58.60186],[16.47803,58.61289],[16.68301,58.59966],[16.78848,58.58525],[16.92383,58.49258],[16.82432,58.45962],[16.65195,58.43433],[16.7166,58.30288],[16.76992,58.21426],[16.7001,58.16079],[16.69492,57.91753],[16.59697,57.91289],[16.55537,57.81226],[16.58623,57.76094],[16.58379,57.64175],[16.6042,57.56831],[16.65225,57.50068],[16.63086,57.43018],[16.47598,57.26514],[16.47949,57.1877],[16.50732,57.1417],[16.52793,57.06816],[16.45752,56.92681],[16.40781,56.80869],[16.34873,56.70928],[16.2165,56.58999],[16.15068,56.50083],[15.99668,56.22261],[15.92031,56.16738],[15.82666,56.12495],[15.72227,56.16421],[15.62656,56.1856],[15.50967,56.18301],[15.32656,56.15083],[15.05117,56.17222],[14.78203,56.16191],[14.71396,56.13413],[14.75479,56.03315],[14.65557,56.01992],[14.55859,56.04863],[14.47324,56.01436],[14.40195,55.97676],[14.26191,55.88755],[14.21504,55.83262],[14.20293,55.72915],[14.27646,55.63638],[14.3417,55.52773],[14.17373,55.39663],[14.07998,55.39219],[13.80635,55.42856],[13.32139,55.34639],[12.88584,55.41138],[12.94063,55.48159],[12.93877,55.5332],[12.96338,55.6126],[12.97803,55.6938],[12.97393,55.74814],[12.94199,55.80605],[12.83457,55.88184],[12.59258,56.1376],[12.521,56.24556],[12.47119,56.29053],[12.50703,56.29297],[12.70635,56.23501],[12.75283,56.24214],[12.80166,56.26392],[12.74219,56.34687],[12.69111,56.38442],[12.65645,56.44058],[12.77314,56.45576],[12.85742,56.45239],[12.91953,56.51558],[12.88369,56.61772],[12.79316,56.64917],[12.71758,56.66284],[12.57266,56.82329],[12.42148,56.9064],[12.15186,57.22695],[12.05322,57.44697],[11.96152,57.42607],[11.91699,57.52192],[11.88506,57.6127],[11.87871,57.67944],[11.73496,57.71768],[11.7291,57.76445],[11.70322,57.97319],[11.54902,58.00122],[11.44932,58.11836],[11.43154,58.33999],[11.32998,58.38032],[11.24824,58.36914],[11.25205,58.42407],[11.27158,58.47563],[11.22383,58.67993],[11.20791,58.86641],[11.16914,58.92271],[11.14717,58.98862],[11.16689,59.04556],[11.1958,59.07827],[11.29531,59.08687],[11.38828,59.03652],[11.38643,59.06572],[11.36592,59.10454],[11.13213,59.14321],[11.09082,59.1418],[10.99893,59.16445],[10.94502,59.17085],[10.83447,59.18394],[10.74258,59.296],[10.64492,59.38921],[10.63105,59.42817],[10.63438,59.60249],[10.60449,59.68003],[10.59531,59.76455],[10.53389,59.6958],[10.56953,59.58711],[10.49375,59.5415],[10.39814,59.51934],[10.40713,59.45566],[10.44639,59.4436],[10.45459,59.37749],[10.43135,59.27964],[10.24316,59.06206],[10.20518,59.03867],[10.17939,59.00928],[10.08311,59.02881],[9.95957,58.96821],[9.84258,58.9585],[9.8002,59.02705],[9.63516,59.11777],[9.55723,59.1127],[9.62715,59.06792],[9.69609,59.00972],[9.65693,58.97119],[9.61846,58.94604],[9.55107,58.93301],[9.30996,58.85684],[9.3958,58.80566],[9.32295,58.74756],[9.23867,58.73901],[9.19375,58.71187],[9.17813,58.675],[8.92842,58.56997],[8.52139,58.30059],[8.31221,58.22446],[8.16611,58.14531],[8.0374,58.14727],[7.87559,58.07998],[7.46592,58.02095],[7.19414,58.04766],[7.00488,58.02422],[6.90342,58.07051],[6.89023,58.10229],[6.89531,58.12075],[6.9123,58.14287],[6.87705,58.15073],[6.80283,58.15454],[6.77109,58.13223],[6.7668,58.08154],[6.73145,58.06831],[6.59053,58.09731],[6.55508,58.12344],[6.60576,58.17637],[6.69248,58.22402],[6.67676,58.23379],[6.65986,58.26274],[6.61758,58.26641],[6.4915,58.25942],[6.38906,58.26797],[6.05469,58.37515],[5.97656,58.43232],[5.70684,58.52363],[5.58594,58.62041],[5.51729,58.72651],[5.52246,58.82266],[5.55557,58.9752],[5.61221,59.01289],[5.8543,58.95947],[6.09902,58.87026],[6.1373,58.87466],[6.21416,58.94468],[6.36328,59.00093],[6.32109,59.01646],[6.09941,58.95195],[6.01699,58.9877],[5.88916,59.0605],[5.88916,59.09795],[5.94873,59.13545],[5.96855,59.18613],[5.9373,59.23398],[5.95186,59.29907],[6.05068,59.36816],[6.19893,59.43809],[6.30566,59.50557],[6.41533,59.54712],[6.40391,59.56099],[6.27852,59.53452],[6.15859,59.48965],[6.01738,59.41445],[5.84521,59.35347],[5.71797,59.32983],[5.65732,59.31025],[5.56406,59.29121],[5.46758,59.20381],[5.3623,59.16636],[5.17324,59.16255],[5.13164,59.22646],[5.18506,59.45366],[5.24219,59.56431],[5.30488,59.64258],[5.40352,59.65576],[5.47246,59.71309],[5.52969,59.71309],[5.57949,59.68662],[5.77217,59.66094],[5.86729,59.73398],[5.99102,59.74468],[6.2166,59.81836],[6.21191,59.83179],[6.05928,59.81558],[5.9667,59.81318],[5.83398,59.79468],[5.76348,59.80791],[5.73047,59.86309],[5.78359,59.91279],[5.99648,60.03149],[6.06992,60.0835],[6.11182,60.13208],[6.10518,60.16514],[6.14053,60.2335],[6.34873,60.35298],[6.51807,60.40757],[6.57363,60.3606],[6.52637,60.21362],[6.52686,60.15293],[6.66094,60.36724],[6.71992,60.41816],[6.78711,60.4541],[6.94971,60.47822],[6.9957,60.51196],[6.80635,60.50078],[6.34697,60.41909],[6.15332,60.34624],[6.10176,60.29014],[5.96738,60.20557],[5.90439,60.15063],[5.87656,60.07002],[5.80088,60.02622],[5.69883,60.01001],[5.55703,59.90776],[5.49453,59.82559],[5.35342,59.76011],[5.26387,59.70977],[5.23447,59.6918],[5.18604,59.64229],[5.1458,59.63882],[5.11074,59.66782],[5.10488,59.73169],[5.11924,59.83369],[5.18711,59.90708],[5.21953,59.97876],[5.17441,60.0457],[5.20566,60.08794],[5.26543,60.08647],[5.37646,60.06724],[5.49453,60.07031],[5.68857,60.12319],[5.65762,60.1541],[5.57383,60.1585],[5.41738,60.1541],[5.28584,60.20571],[5.18359,60.3084],[5.13711,60.44561],[5.16816,60.48481],[5.54648,60.62456],[5.64834,60.68799],[5.58936,60.69429],[5.44736,60.61733],[5.24404,60.56958],[5.11582,60.63599],[5.04912,60.70752],[5.01074,60.85854],[5.02461,60.93613],[5.00859,61.03818],[5.09541,61.07134],[5.19248,61.05371],[5.28818,61.04717],[5.50527,61.0561],[5.98398,61.11733],[6.29258,61.08096],[6.41797,61.08428],[6.60986,61.13701],[6.77783,61.14243],[6.90342,61.10215],[6.97207,61.05596],[6.98057,60.99414],[7.03867,60.95293],[7.07793,60.96631],[7.04668,61.01528],[7.04014,61.09116],[7.54502,61.17715],[7.60449,61.21055],[7.40391,61.22217],[7.34658,61.30059],[7.45254,61.41924],[7.44258,61.43462],[7.33115,61.37202],[7.27627,61.28394],[7.29805,61.21362],[7.27598,61.18096],[7.17354,61.16597],[6.94258,61.16055],[6.79434,61.19038],[6.65703,61.20659],[6.61025,61.2291],[6.62588,61.2793],[6.5999,61.28965],[6.54307,61.24453],[6.49258,61.15459],[6.3835,61.13389],[6.08252,61.16729],[5.64678,61.14761],[5.45127,61.10234],[5.32461,61.10825],[5.10674,61.18755],[5.02168,61.25059],[4.98994,61.37769],[5.00273,61.43359],[5.17246,61.45713],[5.2583,61.45547],[5.33867,61.4855],[5.26758,61.50503],[5.16758,61.54336],[5.09941,61.62017],[4.99668,61.64521],[4.92783,61.71069],[4.91035,61.80957],[4.93008,61.87832],[4.98506,61.90044],[5.11699,61.8854],[5.46533,61.89692],[5.79326,61.8271],[6.01582,61.7875],[6.4667,61.80742],[6.73076,61.86978],[6.68232,61.88701],[6.3959,61.85098],[6.13115,61.85244],[5.66445,61.9229],[5.47305,61.94561],[5.26689,61.9356],[5.15957,61.95698],[5.09648,62.02666],[5.14316,62.15991],[5.24092,62.18867],[5.29385,62.15391],[5.35771,62.15171],[5.42236,62.20737],[5.48428,62.23911],[5.5333,62.31089],[5.71816,62.37891],[5.79629,62.38467],[5.9083,62.41602],[5.97979,62.40713],[6.02559,62.37568],[6.0835,62.34961],[6.20898,62.35278],[6.58008,62.40728],[6.62002,62.42329],[6.69238,62.46807],[6.45713,62.4481],[6.26172,62.41631],[6.13613,62.40747],[6.11846,62.44717],[6.16475,62.48242],[6.2375,62.51992],[6.27285,62.58384],[6.35293,62.61113],[6.43945,62.60967],[6.61836,62.62129],[6.74463,62.63789],[6.96113,62.62676],[7.28379,62.60229],[7.4918,62.54282],[7.57012,62.54819],[7.65313,62.56401],[7.69072,62.5856],[7.52744,62.6103],[7.51816,62.64551],[7.53838,62.67207],[7.80469,62.721],[8.09551,62.73184],[8.04551,62.77124],[7.4084,62.71177],[7.24209,62.75234],[7.11084,62.752],[7.0249,62.72881],[6.77998,62.70073],[6.73496,62.7207],[6.78154,62.78965],[6.92822,62.90273],[6.94043,62.93047],[7.0085,62.95767],[7.38906,63.02329],[7.57188,63.09951],[7.6543,63.10918],[7.73604,63.10386],[7.86035,63.11279],[8.10059,63.09097],[8.21113,62.99551],[8.31055,62.96553],[8.62314,62.84624],[8.60918,62.88057],[8.33857,63.04219],[8.23516,63.08218],[8.15801,63.16152],[8.18447,63.23652],[8.27148,63.28657],[8.58018,63.31338],[8.63555,63.34233],[8.64102,63.39209],[8.59375,63.42612],[8.48018,63.42417],[8.38652,63.44526],[8.36074,63.49888],[8.39814,63.53511],[8.57617,63.60117],[8.67363,63.62261],[8.84238,63.6459],[9.13584,63.59365],[9.15811,63.56626],[9.07588,63.50039],[9.08418,63.46343],[9.15605,63.45933],[9.32363,63.57036],[9.5207,63.58569],[9.60225,63.60957],[9.69688,63.62456],[9.83223,63.52417],[9.8915,63.49204],[9.93604,63.47886],[9.9792,63.39526],[10.021,63.39082],[10.08057,63.43271],[10.18857,63.45479],[10.34004,63.46934],[10.59092,63.44722],[10.70449,63.46357],[10.76016,63.46128],[10.70674,63.53633],[10.67363,63.55801],[10.72529,63.625],[10.7792,63.65117],[10.95254,63.69819],[11.11787,63.71919],[11.22578,63.76382],[11.3707,63.80483],[11.34795,63.8377],[11.30762,63.87573],[11.21387,63.87812],[11.17559,63.89888],[11.29463,63.94819],[11.45762,64.00298],[11.4292,64.02451],[11.30664,64.04888],[11.21357,64.03052],[11.0752,63.98813],[10.91426,63.92109],[10.9667,63.90156],[11.04727,63.84521],[10.93486,63.77021],[10.33916,63.57104],[10.05508,63.5127],[9.92402,63.52178],[9.89277,63.57622],[9.83232,63.6165],[9.76748,63.69951],[9.65723,63.69731],[9.59463,63.67896],[9.56729,63.70615],[9.61475,63.79482],[9.70801,63.86489],[9.86445,63.91782],[9.93945,63.98174],[10.00996,64.08315],[10.23623,64.17964],[10.56563,64.41831],[10.83398,64.49448],[10.93232,64.57773],[11.09043,64.61455],[11.22539,64.67949],[11.33135,64.68594],[11.52383,64.74438],[11.63291,64.81392],[11.56172,64.81826],[11.39248,64.773],[11.29678,64.75479],[11.30352,64.82939],[11.3499,64.90591],[11.48936,64.97583],[12.15967,65.17896],[12.22656,65.14536],[12.30654,65.08599],[12.5084,65.09941],[12.73838,65.2144],[12.91553,65.33926],[12.81982,65.31748],[12.71533,65.26636],[12.51172,65.19531],[12.41758,65.18408],[12.36387,65.19331],[12.33398,65.24072],[12.26338,65.2561],[12.19961,65.24546],[12.13389,65.27915],[12.12217,65.36235],[12.20625,65.48623],[12.27285,65.56816],[12.34482,65.63018],[12.62773,65.80615],[12.68887,65.9022],[12.8168,65.95288],[12.98301,65.9416],[13.03311,65.95625],[12.97607,66.01919],[12.79492,66.06909],[12.78379,66.10044],[13.38711,66.18276],[13.67441,66.17998],[13.75967,66.22104],[13.91582,66.24736],[14.03418,66.29756],[13.97314,66.31973],[13.68135,66.27358],[13.49893,66.2519],[13.41641,66.25259],[13.35205,66.23672],[13.11885,66.23066],[13.06816,66.43081],[13.10469,66.5394],[13.1916,66.53716],[13.21143,66.64082],[13.31182,66.70186],[13.45039,66.71553],[13.52021,66.74165],[13.62109,66.79482],[13.78799,66.78247],[13.95947,66.79434],[13.91699,66.81938],[13.7041,66.85166],[13.65156,66.90708],[13.72666,66.93804],[13.8084,66.96079],[13.88018,66.96489],[14.02236,67.0731],[14.10879,67.11924],[14.20557,67.11123],[14.34033,67.15894],[14.47266,67.14268],[14.60068,67.17388],[14.77559,67.19448],[15.41572,67.20244],[15.43477,67.24668],[15.3001,67.25693],[14.82441,67.26831],[14.58154,67.26743],[14.4793,67.25596],[14.4417,67.27139],[14.44834,67.29785],[14.53662,67.33975],[14.57852,67.38604],[14.75498,67.49902],[14.96191,67.57427],[15.12051,67.55503],[15.28916,67.48315],[15.40938,67.47417],[15.46533,67.45093],[15.55293,67.35176],[15.59443,67.34854],[15.57568,67.44385],[15.6915,67.52139],[15.66133,67.54282],[15.4873,67.51479],[15.354,67.54395],[15.24873,67.60215],[15.21865,67.65537],[15.28408,67.70796],[15.3458,67.73442],[15.30391,67.76528],[15.04082,67.68257],[14.85469,67.66333],[14.78135,67.6749],[14.82109,67.74985],[14.79893,67.80933],[15.04844,67.95576],[15.13428,67.97271],[15.27441,67.96094],[15.40088,67.91963],[15.50664,67.92622],[15.62139,67.94829],[15.60576,67.98789],[15.35693,68.00361],[15.29287,68.03647],[15.31602,68.06875],[15.48682,68.10283],[15.65664,68.16436],[15.85127,68.18218],[16.00791,68.22871],[16.03809,68.21816],[16.06455,68.1999],[16.1208,68.02734],[16.26074,67.88657],[16.3123,67.88145],[16.25859,68.00122],[16.30869,68.03564],[16.37217,68.06182],[16.39199,68.0916],[16.31924,68.10176],[16.25977,68.14453],[16.1748,68.28125],[16.20381,68.31675],[16.38789,68.38955],[16.61885,68.4063],[16.86494,68.35527],[16.95137,68.35469],[17.09404,68.36841],[17.33613,68.41035],[17.47852,68.42632],[17.55283,68.42627],[17.57119,68.44746],[17.50234,68.46108],[17.48018,68.47432],[17.42617,68.48193],[17.20234,68.45928],[16.58486,68.46646],[16.52529,68.49067],[16.51436,68.53257],[16.57988,68.59268],[16.65186,68.62578],[16.88467,68.6854],[17.13115,68.69346],[17.39082,68.79937],[17.49004,68.87876],[17.54629,69.00112],[17.70459,69.10005],[18.10146,69.1563],[18.11748,69.1812],[18.07539,69.23262],[18.07871,69.32524],[18.1875,69.43311],[18.25977,69.47061],[18.29316,69.4751],[18.37871,69.43984],[18.48262,69.36484],[18.64551,69.32188],[18.85898,69.31445],[18.91592,69.3356],[18.75,69.37842],[18.62441,69.43438],[18.61445,69.49058],[18.67402,69.52036],[18.7666,69.51704],[18.88281,69.52334],[18.99111,69.56113],[19.00684,69.5877],[19.01133,69.62373],[19.03838,69.6604],[19.19727,69.74785],[19.68701,69.80474],[19.72246,69.78164],[19.696,69.61294],[19.63975,69.50381],[19.6415,69.42402],[19.73682,69.50381],[19.86465,69.72212],[19.96055,69.82461],[20.06895,69.88345],[20.14639,69.89673],[20.22305,69.9272],[20.32422,69.94531],[20.35518,69.92192],[20.38721,69.86763],[20.33271,69.67695],[20.33818,69.61665],[20.27715,69.53584],[20.04375,69.35566],[20.05449,69.33267],[20.10723,69.34121],[20.19766,69.37095],[20.48672,69.54209],[20.73945,69.52051],[20.74258,69.53452],[20.66152,69.58472],[20.5625,69.63281],[20.53271,69.69233],[20.546,69.85107],[20.62207,69.91392],[20.84033,69.90732],[20.97109,69.91602],[21.03213,69.88745],[21.16309,69.8895],[21.25371,70.00322],[21.43291,70.01318],[21.59023,69.93804],[21.77959,69.88745],[21.93174,69.8147],[21.97471,69.83457],[21.89258,70.00425],[21.80273,70.06606],[21.60781,70.09819],[21.40039,70.17446],[21.34629,70.20825],[21.35576,70.2334],[21.53877,70.25767],[21.78027,70.22988],[21.99551,70.29336],[22.05439,70.27598],[22.21943,70.30918],[22.32197,70.2645],[22.38477,70.27773],[22.42119,70.3376],[22.68457,70.37476],[22.85166,70.34048],[22.94121,70.30498],[22.98281,70.23677],[23.04648,70.10186],[23.17695,70.02905],[23.25791,69.99331],[23.35391,69.9834],[23.4002,70.01978],[23.31025,70.06357],[23.28604,70.10483],[23.3291,70.20723],[23.37939,70.24746],[23.66123,70.39976],[23.89717,70.47876],[24.03848,70.48535],[24.28555,70.6624],[24.35557,70.69458],[24.42002,70.702],[24.40352,70.74531],[24.26816,70.77271],[24.26348,70.82632],[24.4418,70.89155],[24.65801,71.00103],[24.76475,71.00845],[24.83164,70.97803],[25.04219,70.92861],[25.17119,70.87202],[25.26465,70.84351],[25.32539,70.84941],[25.37559,70.89194],[25.43594,70.91187],[25.56982,70.90068],[25.64971,70.87334],[25.71191,70.86973],[25.76816,70.85317],[25.78145,70.8168],[25.66563,70.77715],[25.46826,70.67197],[25.27354,70.55239],[25.20928,70.4894],[25.14639,70.32402],[24.99424,70.21821],[24.98271,70.14399],[25.04385,70.10903],[25.21182,70.13647],[25.41885,70.2355],[25.47051,70.34058],[25.98809,70.62539],[26.23086,70.78262],[26.50693,70.91279],[26.66133,70.93975],[26.73398,70.85356],[26.67549,70.74097],[26.5582,70.66914],[26.64463,70.63623],[26.62813,70.55088],[26.60117,70.50347],[26.58398,70.45381],[26.58506,70.41001],[26.66611,70.42168],[26.98936,70.51138],[27.07129,70.60845],[27.14727,70.6812],[27.18369,70.74404],[27.30938,70.80356],[27.54648,70.804],[27.55566,70.82739],[27.26904,70.91001],[27.23525,70.94722],[27.33164,70.99673],[27.59707,71.09131],[27.7335,71.08086],[27.81504,71.05938],[28.1417,71.04302],[28.39229,70.97529],[28.38271,70.86943],[28.32686,70.8252],[28.27188,70.79795],[27.95098,70.71758],[27.89805,70.67793],[27.99883,70.66426],[28.21563,70.70435],[28.27178,70.66797],[28.20273,70.5769],[28.19102,70.44019],[28.16602,70.3604],[28.16602,70.28765],[28.19297,70.24858],[28.28008,70.40342],[28.30986,70.44307],[28.4373,70.50137],[28.48477,70.6188],[28.60938,70.75967],[28.7498,70.8415],[28.83154,70.86396],[29.10234,70.86074],[29.21855,70.82993],[29.32109,70.76147],[29.39766,70.73413],[29.63906,70.70503],[29.72197,70.66855],[29.7375,70.64683],[29.79648,70.64253],[29.95938,70.69438],[30.06514,70.70298],[30.2377,70.62217],[30.20303,70.5623],[30.21318,70.54331],[30.42207,70.54717],[30.5959,70.52368],[30.92637,70.40112],[30.96064,70.34385],[30.94414,70.27441],[30.46895,70.19785],[30.26299,70.12471],[29.92588,70.09648],[28.78115,70.14541],[28.8043,70.09253],[29.60137,69.97676],[29.64688,69.9437],[29.62139,69.87407],[29.621,69.81821],[29.63594,69.78013],[29.69463,69.74458],[29.79209,69.72788],[29.99033,69.73667],[30.08828,69.71758],[30.15518,69.74595],[30.18008,69.84116],[30.2376,69.86221],[30.34883,69.83457],[30.39727,69.73281],[30.42832,69.72227],[30.48438,69.79487],[30.59453,69.78965],[30.71445,69.7957],[30.86973,69.78345],[31.04951,69.76924],[31.45273,69.6896],[31.54697,69.69692],[31.66621,69.721],[31.78857,69.81577],[31.87939,69.83198],[31.99795,69.80991],[32.03057,69.8353],[31.96934,69.91392],[31.98457,69.95366],[32.3916,69.8687],[32.56543,69.80649],[32.9417,69.75186],[33.00781,69.72212],[33.0126,69.67051],[32.99463,69.62617],[32.91504,69.60171],[32.7543,69.60571],[32.17676,69.67402],[32.0915,69.63257],[32.16133,69.59663],[32.33057,69.55425],[32.37773,69.4791],[32.63682,69.48945],[32.88379,69.46084],[32.9998,69.47012],[33.021,69.44561],[32.9416,69.38335],[32.97891,69.36733],[33.25586,69.42773],[33.38486,69.44429],[33.4543,69.42817],[33.46367,69.37817],[33.41797,69.31528],[33.41299,69.26743],[33.32773,69.15186],[33.19639,69.11685],[33.14121,69.0687],[33.3334,69.09819],[33.43564,69.13037],[33.62705,69.28916],[33.68438,69.31025],[34.22939,69.31313],[34.35273,69.30293],[34.86396,69.22808],[35.00957,69.22124],[35.17588,69.23081],[35.2332,69.26558],[35.28984,69.27544],[35.85791,69.19175],[36.61826,69.00347],[37.73057,68.69214],[38.35762,68.41514],[38.43018,68.35562],[38.65684,68.32188],[38.70557,68.34473],[38.83154,68.3249],[39.56895,68.07173],[39.82334,68.05859],[39.78975,68.11216],[39.74629,68.16221],[39.80928,68.15083],[39.89561,68.1145],[40.03574,68.01538],[40.20664,67.94189],[40.38066,67.83188],[40.52578,67.7897],[40.65654,67.77407],[40.76631,67.74302],[40.96641,67.71348],[41.06094,67.44419],[41.13389,67.38604],[41.13389,67.26694],[41.26172,67.21846],[41.35879,67.20967],[41.3543,67.12144],[41.27559,66.91431],[41.18896,66.82617],[40.52158,66.44663],[40.10332,66.29995],[39.28906,66.13203],[38.65391,66.06904],[38.39756,66.06445],[37.90068,66.09561],[37.62822,66.12959],[37.29482,66.22505],[36.98369,66.27256],[36.76992,66.29355],[36.37344,66.30229],[35.51348,66.3958],[35.36396,66.42866],[34.82461,66.61113],[34.61025,66.55962],[34.48262,66.55034],[34.39609,66.61318],[34.43086,66.62979],[34.45156,66.65122],[34.14609,66.70327],[33.89365,66.70674],[33.75957,66.75098],[33.59541,66.78462],[33.52295,66.76436],[33.48203,66.76455],[33.1502,66.84395],[33.00195,66.9083],[32.84756,67.02153],[32.88525,67.06113],[32.93047,67.08682],[32.3999,67.15269],[31.89531,67.16143],[31.98301,67.12983],[32.20156,67.11323],[32.34063,67.06787],[32.50098,67.00386],[32.46367,66.91631],[32.68643,66.82954],[32.85732,66.74692],[32.8624,66.72139],[32.92871,66.7041],[33.18057,66.67993],[33.22441,66.60386],[33.18291,66.57388],[33.21738,66.53164],[33.40527,66.48428],[33.51768,66.47139],[33.65596,66.44263],[33.59326,66.38457],[33.47695,66.34687],[33.36055,66.32954],[33.41582,66.31562],[33.5667,66.321],[34.1127,66.22524],[34.3998,66.12842],[34.6918,65.95186],[34.78633,65.86455],[34.79316,65.81636],[34.77695,65.76826],[34.73477,65.71631],[34.71553,65.66406],[34.61572,65.50991],[34.54414,65.45669],[34.40645,65.39575],[34.53594,65.27793],[34.67109,65.16812],[34.80352,64.98599],[34.82715,64.9127],[34.83262,64.8002],[34.95225,64.75596],[34.90547,64.73867],[34.8583,64.70669],[34.86953,64.56001],[35.03535,64.44023],[35.28408,64.36255],[35.43203,64.34678],[35.64707,64.37832],[35.80205,64.33535],[36.14648,64.18901],[36.30195,64.03437],[36.36494,64.00283],[36.71377,63.94507],[36.9752,63.90952],[37.37275,63.81675],[37.44219,63.81338],[37.63535,63.89341],[37.96797,63.94912],[38.0708,64.02583],[38.06221,64.09102],[37.97715,64.20703],[37.95371,64.32012],[37.84355,64.36631],[37.74063,64.39697],[37.42959,64.37358],[37.28955,64.37793],[37.18369,64.4085],[37.04043,64.48916],[36.76934,64.68525],[36.62422,64.75054],[36.57871,64.79097],[36.52822,64.84736],[36.53457,64.93862],[36.65293,64.93545],[36.78594,64.98716],[36.88281,65.17236],[37.0502,65.1959],[37.14082,65.19429],[37.52813,65.10825],[38.00938,64.87876],[38.11572,64.85459],[38.22822,64.85122],[38.41211,64.85708],[38.44199,64.82715],[38.54092,64.79126],[38.61309,64.78667],[39.05352,64.71392],[39.56738,64.57056],[39.75801,64.57705],[39.83301,64.6564],[39.84863,64.69053],[40.05781,64.77075],[40.20371,64.78403],[40.40781,64.75488],[40.44492,64.77871],[40.37539,64.89629],[40.28125,64.9981],[40.14268,65.06328],[39.89648,65.25479],[39.79805,65.34985],[39.74912,65.44795],[39.78115,65.53472],[39.8165,65.59795],[40.32783,65.75171],[40.51279,65.8438],[40.6916,65.96343],[40.77441,65.98789],[41.07607,66.02109],[41.47578,66.12344],[41.78086,66.25933],[42.08359,66.46592],[42.21055,66.51968],[42.31367,66.51475],[42.45078,66.48242],[42.60215,66.42251],[42.80654,66.41133],[43.00596,66.42095],[43.2332,66.41553],[43.55088,66.32129],[43.60332,66.29121],[43.65313,66.25098],[43.55039,66.17339],[43.54189,66.12339],[43.62393,66.14673],[43.73701,66.1584],[43.84375,66.14238],[43.94414,66.09868],[44.0167,66.04976],[44.10439,66.00859],[44.13242,66.06455],[44.14531,66.11274],[44.09717,66.23506],[44.2207,66.40708],[44.31641,66.48169],[44.48867,66.67178],[44.43711,66.79463],[44.4293,66.93774],[44.40391,67.0042],[44.2918,67.09966],[44.07441,67.16733],[43.85537,67.18862],[43.78242,67.25449],[43.7957,67.32959],[43.85635,67.43931],[44.03643,67.67065],[44.22539,67.99561],[44.23154,68.07124],[44.21387,68.1126],[44.22646,68.15444],[44.20469,68.25376],[44.16914,68.3271],[43.404,68.60854],[43.35801,68.63579],[43.3332,68.67339],[43.41328,68.68174],[43.47197,68.67983],[44.04805,68.54883],[44.17529,68.54175],[45.07812,68.57817],[45.51943,68.54653],[45.89199,68.47969],[46.1584,68.29136],[46.42969,68.11885],[46.68359,67.97046],[46.69043,67.84883],[46.42891,67.82368],[46.17422,67.81816],[45.52871,67.75757],[45.37412,67.68887],[44.93945,67.47744],[44.90215,67.41313],[44.93945,67.35078],[45.13887,67.28472],[45.56221,67.1856],[45.75254,66.98916],[45.88535,66.89106],[45.98604,66.85313],[46.08398,66.84351],[46.29775,66.84282],[46.44854,66.81899],[46.49238,66.8002],[46.55234,66.81899],[46.69082,66.82554],[47.49648,66.92983],[47.65586,66.97593],[47.70908,67.04502],[47.76807,67.27563],[47.83926,67.35571],[47.9082,67.45469],[47.88262,67.51533],[47.87471,67.58418],[48.27871,67.65039],[48.65381,67.69526],[48.8332,67.68149],[48.87793,67.73135],[48.7627,67.827],[48.6957,67.87422],[48.7543,67.89595],[48.84063,67.86973],[48.95391,67.85381],[49.15527,67.87041],[49.93125,68.06514],[50.2332,68.17534],[50.41406,68.21836],[50.69941,68.31772],[50.83887,68.34995],[51.07852,68.36333],[51.33613,68.40244],[51.6167,68.47632],[51.99473,68.53877],[52.05566,68.54131],[52.12881,68.53203],[52.28535,68.45937],[52.22744,68.4186],[52.1835,68.37427],[52.25918,68.35093],[52.32227,68.3397],[52.39668,68.35171],[52.475,68.38213],[52.66973,68.42676],[52.72266,68.48403],[52.64766,68.50615],[52.5501,68.59243],[52.43506,68.61021],[52.34404,68.60815],[52.68359,68.7312],[53.41289,68.91255],[53.80195,68.9959],[54.18584,69.00332],[54.49121,68.99233],[54.37627,68.96475],[53.87441,68.92661],[53.79766,68.90747],[53.79824,68.88467],[53.91953,68.87124],[53.97061,68.84429],[53.9293,68.81187],[53.89121,68.80151],[53.83389,68.70894],[53.75889,68.63398],[53.91768,68.53696],[53.93086,68.43555],[53.82949,68.38267],[53.69004,68.40254],[53.5667,68.36709],[53.34258,68.34321],[53.29336,68.31167],[53.26055,68.26748],[53.40313,68.25684],[53.51514,68.25967],[53.91367,68.2312],[53.96787,68.22734],[54.09922,68.25903],[54.23291,68.26631],[54.39395,68.2751],[54.47617,68.29414],[54.56123,68.27305],[54.71797,68.18418],[54.86133,68.20186],[54.92305,68.37383],[55.15088,68.48003],[55.41807,68.56782],[55.67529,68.57588],[55.92461,68.6373],[56.04365,68.64888],[56.27568,68.62407],[56.62021,68.61904],[56.90938,68.5667],[57.12686,68.554],[57.44434,68.6415],[58.17305,68.88975],[58.23701,68.83394],[58.35391,68.91621],[58.91895,69.00381],[59.05732,69.00605],[59.05986,68.97256],[59.11016,68.89629],[59.22041,68.84961],[59.37051,68.73838],[59.29834,68.70845],[59.22256,68.69131],[59.1123,68.61631],[59.09902,68.44434],[59.31074,68.40029],[59.6043,68.35112],[59.72568,68.35161],[59.82754,68.38032],[59.85879,68.39604],[59.89736,68.42192],[59.92285,68.47134],[59.94141,68.5105],[59.86514,68.60493],[59.896,68.70635],[60.16025,68.69951],[60.48916,68.72896],[60.6377,68.78701],[60.81514,68.89521],[60.93359,68.98677],[60.85859,69.14551],[60.66455,69.11025],[60.3373,69.45703],[60.17061,69.59092],[60.27646,69.65264],[60.55869,69.69233],[60.81299,69.82114],[60.90908,69.84712],[61.01592,69.85146],[61.77051,69.76304],[62.63125,69.74312],[63.36143,69.67529],[64.19043,69.53467],[64.59219,69.43564],[64.92852,69.32539],[64.89629,69.2478],[65.03154,69.26982],[65.32676,69.20137],[65.52793,69.17344],[65.73574,69.13232],[65.8127,69.077],[66.08477,69.03633],[66.41611,68.94785],[66.75645,68.89199],[67.00244,68.87358],[67.14922,68.75396],[67.63965,68.5793],[67.73076,68.51367],[68.15693,68.40366],[68.37119,68.31426],[68.5042,68.34844],[68.82949,68.56743],[69.02432,68.81797],[69.14053,68.95063],[68.92441,68.9562],[68.76289,68.91738],[68.65957,68.92739],[68.54277,68.96709],[68.35508,69.06758],[68.11738,69.23623],[68.07305,69.4208],[68.00586,69.48003],[67.77432,69.52998],[67.62412,69.58442],[67.06445,69.6937],[66.96406,69.65557],[66.93418,69.59668],[66.89668,69.55381],[66.84023,69.60918],[66.804,69.65923],[66.80293,69.74014],[66.83223,69.84219],[66.92637,70.01426],[67.06904,70.00562],[67.14443,70.03062],[67.23926,70.10806],[67.19746,70.17163],[67.14648,70.21992],[67.15684,70.29512],[67.24688,70.5001],[67.28477,70.73872],[67.21152,70.79844],[67.14336,70.83755],[66.82246,70.79736],[66.70225,70.81851],[66.6752,70.8647],[66.66611,70.90059],[66.75879,70.96235],[66.84707,71.06372],[66.69258,71.0417],[66.63965,71.0814],[66.76807,71.13989],[66.91758,71.28237],[67.27422,71.34785],[67.5418,71.41201],[67.95938,71.54839],[68.26924,71.68281],[68.46943,71.85264],[68.60742,72.01274],[68.82969,72.39155],[69.03906,72.66992],[69.39141,72.95552],[69.61182,72.98193],[69.69434,72.97754],[69.70898,72.9564],[69.65879,72.93184],[69.64512,72.89756],[69.73828,72.88496],[69.8875,72.88257],[70.17217,72.90117],[70.65537,72.89038],[71.5002,72.91367],[71.61699,72.9021],[71.92959,72.81968],[72.10098,72.829],[72.44639,72.79033],[72.63379,72.74448],[72.81211,72.69141],[72.7874,72.48296],[72.75293,72.34316],[72.62441,72.07944],[72.57412,72.01255],[72.375,71.82163],[72.27949,71.69551],[72.12969,71.60918],[71.91201,71.54795],[71.88438,71.51138],[71.86729,71.45737],[72.0793,71.30669],[72.58135,71.15112],[72.70449,70.96323],[72.73164,70.82285],[72.7,70.45732],[72.65332,70.40342],[72.56191,70.34556],[72.46943,70.27495],[72.52969,70.17251],[72.59941,69.79321],[72.61563,69.48403],[72.55732,69.37842],[72.52705,69.15425],[72.52734,69.08052],[72.57676,68.9687],[72.67832,68.87485],[72.81191,68.81523],[73.19072,68.70679],[73.54805,68.57451],[73.57344,68.53262],[73.5917,68.48188],[73.46523,68.43076],[73.26641,68.29448],[73.13945,68.18135],[73.12939,68.09092],[73.17305,67.97305],[73.15215,67.86504],[73.0668,67.76694],[72.94873,67.69624],[72.59434,67.58696],[71.84746,67.00762],[71.66816,66.9397],[71.36523,66.96152],[71.44893,66.87896],[71.55117,66.76045],[71.53955,66.68311],[71.34199,66.68672],[71.06563,66.60449],[70.93945,66.54814],[70.7249,66.51943],[70.56143,66.54868],[70.38281,66.60249],[70.40889,66.64761],[70.44258,66.66826],[70.56797,66.70088],[70.69072,66.74531],[70.63076,66.7542],[70.5791,66.75376],[70.44395,66.69731],[70.2834,66.68579],[70.09375,66.75435],[69.94863,66.82998],[69.87715,66.84546],[69.74043,66.8146],[69.21777,66.82861],[69.07871,66.81592],[69.01348,66.78833],[69.05117,66.76636],[69.09111,66.72358],[69.14395,66.64072],[69.19434,66.57866],[69.41201,66.51074],[69.70098,66.48457],[69.98242,66.40142],[70.33945,66.34238],[71.14551,66.36665],[71.35801,66.35942],[71.56563,66.33374],[71.91699,66.24673],[72.06758,66.25332],[72.32158,66.33213],[72.38398,66.50654],[72.41738,66.56079],[73.3416,66.80684],[73.51357,66.86108],[73.79209,66.99531],[73.8833,67.08496],[73.98623,67.32769],[74.07451,67.41411],[74.67607,67.69463],[74.76953,67.76636],[74.7873,67.89751],[74.77822,67.98594],[74.74268,68.07354],[74.63242,68.21831],[74.51123,68.30308],[74.39141,68.42061],[74.48096,68.65889],[74.57959,68.75122],[75.12461,68.86172],[75.58955,68.90117],[76.10752,68.97573],[76.31602,68.9915],[76.45918,68.97827],[76.60576,68.89761],[76.73506,68.7769],[77.11172,68.59619],[77.23848,68.46958],[77.26104,68.31558],[77.24844,67.94102],[77.17441,67.77852],[77.3251,67.73564],[77.39561,67.69868],[77.5792,67.64395],[77.6751,67.5896],[77.77158,67.57026],[77.98555,67.55918],[78.58955,67.57847],[78.92246,67.58911],[78.8876,67.61313],[78.83906,67.6312],[78.55908,67.63911],[78.16123,67.67837],[77.58828,67.7519],[77.52012,67.90962],[77.53594,68.00767],[77.66484,68.19038],[77.75684,68.22236],[77.86826,68.23472],[77.99512,68.25947],[77.95869,68.37705],[77.90684,68.48228],[77.78525,68.63047],[77.65068,68.90303],[77.46631,68.90513],[77.32832,68.95864],[76.64492,69.11738],[76.00098,69.23506],[75.56113,69.25181],[75.42002,69.23862],[75.05352,69.11631],[74.81484,69.09058],[74.3626,69.14458],[73.97744,69.11465],[73.83604,69.14321],[73.77568,69.19824],[73.89092,69.41797],[73.83271,69.50391],[73.66328,69.61709],[73.56016,69.70723],[73.57812,69.80298],[73.83018,70.17568],[73.9374,70.27285],[74.20674,70.44546],[74.34336,70.57871],[74.31094,70.65361],[73.73154,71.0687],[73.57656,71.2165],[73.50723,71.26353],[73.36523,71.31978],[73.15049,71.38521],[73.08623,71.44492],[73.67178,71.84507],[73.93945,71.91475],[74.31123,71.95781],[74.48906,71.99702],[74.8041,72.07739],[74.99219,72.14482],[75.05322,72.19922],[75.08994,72.26313],[75.09707,72.42065],[75.06035,72.54878],[75.00801,72.61943],[74.89688,72.71011],[74.78682,72.81187],[74.86494,72.83843],[74.94219,72.85381],[75.15244,72.85273],[75.36934,72.79663],[75.4749,72.68501],[75.60352,72.58105],[75.60313,72.51216],[75.59141,72.45723],[75.64434,72.38228],[75.69111,72.35],[75.74141,72.29624],[75.69443,72.25352],[75.64434,72.23232],[75.5502,72.1708],[75.39453,71.9832],[75.27383,71.95894],[75.24746,71.81338],[75.50322,71.65464],[75.46855,71.53437],[75.41719,71.49468],[75.28027,71.43008],[75.29805,71.37847],[75.33203,71.34175],[75.73359,71.26592],[76.11045,71.21855],[76.74199,71.20205],[76.929,71.12788],[76.99521,71.18105],[77.58965,71.16792],[78.06826,70.98633],[78.32061,70.93042],[78.52578,70.91182],[78.94219,70.93379],[79.01543,70.9502],[79.08389,71.002],[78.88867,70.99717],[78.80352,70.97354],[78.72393,70.97598],[78.5877,70.9939],[78.49141,71.02539],[78.38652,71.08711],[78.2126,71.26631],[77.9084,71.32407],[77.70664,71.30059],[77.48105,71.31157],[77.11367,71.40937],[76.87119,71.44658],[76.4334,71.55249],[76.31211,71.59546],[76.21572,71.68286],[76.10361,71.829],[76.03242,71.9104],[76.12402,71.92661],[76.42168,72.00601],[76.87139,72.03301],[77.06133,72.0042],[77.55078,71.84209],[77.77754,71.83643],[78.18691,71.90708],[78.23242,71.95229],[78.14082,72.04468],[78.01641,72.09204],[77.78066,72.11431],[77.49287,72.07173],[77.41084,72.10776],[77.43975,72.15654],[77.47158,72.19214],[77.62529,72.20142],[77.7332,72.2292],[77.96816,72.32871],[78.22539,72.37744],[78.48262,72.39497],[79.42207,72.38076],[79.95391,72.22305],[80.47402,72.15313],[80.69922,72.09829],[80.7625,72.08916],[80.81475,72.0543],[80.85605,71.97021],[81.51123,71.74614],[81.66162,71.71597],[82.07988,71.70684],[82.54727,71.75859],[82.75781,71.76411],[82.98613,71.74868],[83.10664,71.72051],[83.23359,71.66816],[83.16553,71.6022],[83.10566,71.56245],[82.97705,71.45137],[82.91797,71.41992],[82.49316,71.29287],[82.32285,71.26001],[82.27695,71.09346],[82.2543,71.0562],[82.23916,70.99771],[82.31602,70.87944],[82.33594,70.80737],[82.2707,70.70674],[82.16318,70.59814],[82.18242,70.51147],[82.22119,70.3957],[82.23584,70.43027],[82.23145,70.48291],[82.2584,70.5436],[82.45166,70.69009],[82.59248,70.88994],[82.73779,70.94209],[82.86914,70.95483],[83.01016,70.89541],[83.05107,70.81523],[83.0584,70.69473],[83.03018,70.58052],[82.91982,70.40742],[82.74248,70.28647],[82.68232,70.21772],[82.76729,70.15405],[82.85654,70.10454],[82.96104,70.08828],[83.08076,70.09302],[83.10957,70.10957],[83.13203,70.15718],[83.09414,70.22109],[83.07383,70.27671],[83.29346,70.32134],[83.49707,70.34526],[83.65986,70.41836],[83.70049,70.46641],[83.73594,70.54648],[83.65127,70.67222],[83.57891,70.76592],[83.33389,70.98853],[83.15127,71.10361],[83.26602,71.27588],[83.45762,71.46753],[83.53105,71.51426],[83.55049,71.54365],[83.57129,71.59438],[83.55352,71.6498],[83.53438,71.68394],[83.34043,71.82754],[83.20029,71.87471],[82.75508,71.90283],[82.64541,71.92524],[82.31914,72.07183],[82.28066,72.10513],[82.20928,72.21118],[82.18359,72.23755],[82.09365,72.26543],[81.79287,72.32661],[81.58623,72.35171],[81.28271,72.35884],[81.09814,72.38975],[80.82705,72.48828],[80.79775,72.51997],[80.71963,72.6479],[80.65625,72.71201],[80.67539,72.75918],[80.77373,72.86079],[80.8416,72.94917],[80.75742,73.02524],[80.63867,73.04917],[80.50967,73.08608],[80.45547,73.15522],[80.42451,73.23115],[80.41895,73.28965],[80.39805,73.35684],[80.4583,73.41372],[80.5959,73.47402],[80.56191,73.51499],[80.5832,73.56846],[81.46885,73.64043],[81.81699,73.65884],[83.54473,73.6665],[83.66699,73.68647],[84.41738,73.72202],[84.73789,73.76284],[85.07744,73.71953],[85.20059,73.72153],[85.44834,73.73462],[85.61143,73.82158],[85.9793,73.85693],[86.59141,73.89429],[86.89297,73.88711],[86.96133,73.86074],[87.02949,73.82417],[86.69766,73.71685],[86.36592,73.61978],[86.09414,73.57832],[85.82705,73.49277],[85.80049,73.45894],[85.79258,73.43833],[85.80244,73.37168],[85.81816,73.32695],[86.09814,73.27261],[86.30791,73.19575],[86.51436,73.14048],[86.67705,73.10679],[86.71504,73.12583],[86.12168,73.30674],[85.9708,73.34707],[85.91006,73.39043],[85.93896,73.45649],[85.99893,73.48584],[86.09238,73.51914],[86.15508,73.53467],[86.37627,73.56885],[87.12012,73.61504],[87.29443,73.70469],[87.36953,73.75591],[87.57119,73.81074],[87.50322,73.83247],[87.3375,73.84604],[87.20967,73.87866],[86.69707,74.19531],[86.57109,74.24375],[86.17783,74.27939],[86.00137,74.31602],[86.18291,74.42305],[86.3958,74.4501],[86.53848,74.44424],[86.66475,74.41426],[86.89795,74.32534],[87.22969,74.36387],[87.10615,74.40356],[86.89424,74.44971],[86.7001,74.52246],[86.42568,74.5855],[86.11611,74.62856],[85.79102,74.64512],[85.88076,74.74023],[86.05889,74.72822],[86.11953,74.75742],[86.20127,74.81621],[86.65146,74.68242],[86.86289,74.71787],[87.0418,74.77886],[87.41934,74.94092],[87.46758,75.01323],[87.2874,75.05254],[87.14072,75.07227],[86.93906,75.06812],[86.92168,75.11279],[87.00596,75.16982],[87.1708,75.19175],[87.67139,75.12959],[88.50371,75.29048],[88.73311,75.36919],[89.31025,75.47012],[89.59512,75.45825],[90.18496,75.59106],[91.00469,75.64956],[91.47949,75.64966],[91.84541,75.72368],[92.40752,75.74966],[92.60254,75.7791],[93.5498,75.8541],[94.0752,75.91289],[94.15635,75.95923],[93.68701,75.92158],[93.57402,75.9563],[93.47549,75.93286],[93.40605,75.90127],[93.17813,75.95898],[93.11631,75.94463],[93.06865,75.91284],[92.98662,75.90269],[92.89043,75.90996],[92.85859,75.97949],[92.97158,76.0751],[93.10488,76.02583],[93.25928,76.09878],[93.35957,76.10073],[93.64844,76.05415],[93.84287,76.10132],[94.10234,76.12358],[94.38828,76.10278],[94.50674,76.10796],[94.57559,76.15176],[95.03848,76.11353],[95.35928,76.1396],[95.57871,76.1373],[95.91992,76.11313],[96.07549,76.08198],[95.98604,76.00967],[95.65332,75.89219],[95.74385,75.87231],[95.93477,75.92603],[96.50859,76.00557],[96.60059,75.98989],[96.5377,75.92163],[96.49707,75.89121],[96.8792,75.93105],[97.20547,76.0187],[97.35068,76.0334],[97.49922,75.98022],[97.6377,76.02905],[97.66982,76.07803],[97.91836,76.08867],[98.02002,76.13369],[98.19463,76.16641],[98.34199,76.18057],[98.66201,76.24268],[98.77129,76.22402],[98.98467,76.20757],[99.1873,76.17764],[99.5627,76.10933],[99.61563,76.08232],[99.66318,76.07803],[99.77041,76.02876],[99.68926,75.95635],[99.60234,75.85205],[99.44219,75.80317],[99.54072,75.79858],[99.60938,75.81128],[99.7375,75.88066],[99.85137,75.93027],[99.82539,76.13594],[99.6168,76.24019],[99.46064,76.2751],[99.09385,76.38433],[98.96953,76.43081],[98.80566,76.48066],[98.86943,76.50957],[99.57627,76.47144],[99.93574,76.48989],[100.32236,76.47915],[100.84375,76.5252],[101.06074,76.47725],[101.31074,76.47891],[101.59775,76.43921],[101.68379,76.4855],[101.21299,76.53569],[101.00264,76.53052],[100.92803,76.55674],[101.00625,76.61509],[101.09932,76.704],[101.0082,76.78135],[100.92041,76.82251],[100.90586,76.90068],[100.98994,76.99048],[101.18574,77.02856],[101.29287,77.10156],[101.51768,77.1981],[102.61016,77.50854],[103.13145,77.62646],[103.33125,77.64106],[103.56074,77.63193],[104.01455,77.73042],[104.18486,77.73047],[104.81426,77.6521],[104.96523,77.59473],[105.30898,77.54922],[105.71025,77.52524],[105.89453,77.48887],[105.9834,77.44761],[106.05957,77.39053],[105.73418,77.352],[105.38457,77.23784],[104.91191,77.17471],[104.32363,77.13267],[104.20244,77.10181],[105.32021,77.09233],[105.6459,77.10068],[105.71201,77.00146],[105.82217,76.99751],[106.14541,77.04531],[106.33867,77.04785],[106.70508,77.01377],[106.78369,77.03179],[106.9416,77.03437],[107.27891,76.99097],[107.42979,76.92656],[107.19023,76.82202],[106.94092,76.73047],[106.63877,76.57339],[106.54551,76.58628],[106.38467,76.58945],[106.41357,76.51226],[106.6832,76.5147],[106.82539,76.48008],[107.15771,76.52407],[107.62422,76.51011],[107.72217,76.52231],[107.90225,76.56968],[107.9499,76.66064],[108.02793,76.71846],[108.18164,76.73784],[108.35205,76.71953],[108.63838,76.72012],[109.36934,76.74922],[109.98115,76.71187],[110.47148,76.7584],[111.11484,76.72305],[111.39248,76.68667],[111.60059,76.62231],[111.78613,76.60356],[111.93867,76.55342],[112.09395,76.48032],[112.0168,76.42056],[111.94268,76.38047],[112.14277,76.42397],[112.29707,76.43467],[112.41328,76.4083],[112.61953,76.38354],[112.68418,76.21885],[112.74258,76.18691],[112.79844,76.12964],[112.72188,76.0772],[112.65625,76.05356],[112.81895,76.05859],[113.04668,76.11411],[113.09404,76.13291],[113.15039,76.17451],[113.06602,76.21523],[112.98799,76.23975],[113.08604,76.25811],[113.27266,76.25166],[113.36553,76.17886],[113.42773,76.11211],[113.56387,75.89165],[113.85723,75.92129],[113.871,75.85601],[113.74873,75.70479],[113.61992,75.59268],[113.56758,75.56841],[113.48594,75.56396],[113.51719,75.62188],[113.46904,75.65669],[113.3916,75.67788],[113.12637,75.69868],[112.6292,75.8354],[112.49668,75.8499],[112.46611,75.84365],[112.45303,75.83018],[112.72959,75.73765],[112.95566,75.57192],[113.16152,75.62051],[113.24297,75.61143],[113.35625,75.53428],[113.55889,75.50205],[113.72617,75.45063],[113.61357,75.29297],[112.9249,75.01504],[112.19199,74.85317],[111.86826,74.74004],[111.29902,74.65845],[110.89277,74.5481],[110.37354,74.46606],[110.22588,74.37866],[109.84033,74.32197],[109.86641,74.29307],[109.91133,74.26133],[109.86387,74.20889],[109.81025,74.16919],[109.51084,74.08882],[109.075,74.03232],[108.19951,73.69409],[107.76543,73.625],[107.27109,73.62104],[107.16699,73.5894],[106.79424,73.37666],[106.67939,73.33066],[106.18867,73.30801],[105.67715,72.95928],[105.39277,72.84102],[105.14395,72.77705],[105.40273,72.78994],[105.7082,72.83667],[106.0667,72.94985],[106.15957,73.002],[106.20879,73.06055],[106.31504,73.1064],[106.47793,73.1394],[107.10879,73.17729],[107.36875,73.16313],[107.75039,73.17314],[108.00127,73.2356],[108.15098,73.25791],[108.28535,73.26587],[108.35146,73.31021],[108.57539,73.31904],[109.08994,73.37842],[109.16563,73.39961],[109.33105,73.48745],[109.63711,73.454],[109.85527,73.47246],[110.42871,73.62891],[110.77334,73.68916],[110.86816,73.73071],[110.79922,73.75977],[110.72236,73.77993],[110.38828,73.72603],[110.09121,73.70854],[109.75273,73.72256],[109.70674,73.74375],[109.66563,73.80024],[109.77412,73.88125],[109.86914,73.93062],[110.08389,73.99438],[110.26143,74.01743],[110.92012,73.9479],[111.05625,73.93936],[111.13086,74.05283],[111.34141,74.04736],[111.55059,74.02852],[111.45996,74.00483],[111.22813,73.96855],[111.29951,73.88486],[111.40039,73.82773],[111.80371,73.74526],[112.14727,73.70894],[112.4,73.71113],[112.79541,73.74609],[112.85596,73.77114],[112.93965,73.83564],[112.83594,73.96206],[112.93496,73.9457],[113.03281,73.91387],[113.18154,73.8374],[113.32686,73.70742],[113.41621,73.64761],[113.36445,73.58276],[113.15693,73.45957],[113.27695,73.3915],[113.49092,73.34609],[113.4876,73.14512],[113.47461,73.04785],[113.36934,72.94189],[113.24736,72.89722],[113.12783,72.83066],[113.1582,72.76948],[113.18613,72.73018],[113.31221,72.65737],[113.66455,72.63452],[113.71191,72.65415],[113.63008,72.6771],[113.39141,72.71104],[113.29814,72.73887],[113.21553,72.80586],[113.31152,72.87832],[113.41748,72.93218],[113.54277,73.05435],[113.58145,73.14224],[113.55889,73.23262],[113.63916,73.27358],[113.76523,73.31797],[113.8293,73.32656],[113.88623,73.3458],[113.79512,73.36743],[113.71133,73.37856],[113.53945,73.43364],[113.51035,73.50498],[113.85693,73.5334],[114.06055,73.58467],[114.81602,73.60718],[115.3377,73.70259],[116.49551,73.67607],[117.30859,73.59917],[118.4502,73.58979],[118.8709,73.53789],[118.91123,73.51836],[118.93643,73.4812],[118.75449,73.4645],[118.45703,73.4644],[118.37656,73.36724],[118.43027,73.24653],[118.96035,73.11729],[119.42529,73.06396],[119.75039,72.9791],[119.92168,72.97134],[120.59795,72.9811],[120.99717,72.93672],[121.3543,72.97085],[121.74785,72.96968],[121.88604,72.96089],[122.02979,72.89722],[122.26016,72.88057],[122.5375,72.87778],[122.69209,72.89082],[122.75195,72.90649],[122.73086,72.9313],[122.50195,72.97065],[122.52676,73.0167],[122.61523,73.02793],[122.99932,72.96465],[123.16035,72.95488],[123.30117,73.00181],[123.40459,73.08564],[123.46162,73.14419],[123.52188,73.1729],[123.57246,73.17734],[123.62227,73.19326],[123.50098,73.26162],[123.38389,73.34731],[123.35527,73.40249],[123.32266,73.43081],[123.30508,73.53291],[123.41621,73.63687],[123.49111,73.66636],[123.79688,73.62676],[123.93389,73.68931],[124.01904,73.7123],[124.38809,73.75483],[124.54121,73.75127],[124.79629,73.71177],[125.61709,73.52061],[125.59854,73.44741],[125.79443,73.46846],[125.88789,73.4981],[126.10742,73.51748],[126.25449,73.54819],[126.296,73.53667],[126.34492,73.5063],[126.30889,73.46367],[126.25742,73.41978],[126.29248,73.39419],[126.33545,73.38877],[126.55254,73.33491],[126.83848,73.43418],[126.95518,73.52822],[127.03135,73.54746],[127.74033,73.48154],[127.95508,73.44556],[127.99688,73.42563],[128.02568,73.39077],[128.1417,73.35239],[128.28145,73.33057],[128.26416,73.30073],[128.25781,73.26748],[128.58701,73.2624],[128.73047,73.2334],[128.88867,73.19023],[128.87168,73.13936],[128.91338,73.1106],[129.05918,73.10752],[129.10059,73.11235],[129.05371,73.04541],[128.85352,72.97261],[128.73525,72.94326],[128.59902,72.89517],[128.67402,72.88589],[129.01729,72.87246],[129.2291,72.77573],[129.25039,72.70518],[129.11758,72.67695],[128.81533,72.58589],[128.6334,72.55015],[128.5085,72.54731],[128.41826,72.53516],[128.54941,72.49585],[129.1166,72.48574],[129.28135,72.4377],[129.41172,72.31548],[129.41064,72.16631],[129.2835,72.09204],[128.93496,72.07949],[128.4752,72.24556],[128.19697,72.30962],[127.80342,72.43403],[127.72607,72.41318],[127.84141,72.30825],[128.02656,72.25],[128.35879,72.08833],[128.91143,71.75532],[129.04014,71.78242],[129.1166,71.82461],[129.1542,71.87866],[129.12158,71.95322],[129.21025,71.91694],[129.2918,71.8502],[129.46084,71.73931],[129.23418,71.74482],[128.94902,71.70757],[128.84326,71.66348],[128.92266,71.60176],[129.13428,71.59287],[129.22451,71.50884],[129.38984,71.40488],[129.76191,71.11953],[130.02598,71.06538],[130.28125,70.94731],[130.53711,70.89253],[130.66846,70.88833],[130.75713,70.96235],[130.83193,70.93589],[130.89805,70.80356],[131.02158,70.74609],[131.15742,70.74219],[131.26826,70.76553],[131.43232,70.82827],[131.56201,70.90103],[131.76904,71.10142],[131.90645,71.20264],[132.03535,71.24404],[131.99082,71.29321],[132.00371,71.3502],[132.09883,71.48398],[132.22764,71.64277],[132.32578,71.72622],[132.5623,71.89531],[132.65391,71.92598],[132.71582,71.87148],[132.76855,71.79873],[132.80361,71.76758],[132.83926,71.75518],[133.13086,71.60669],[133.42617,71.49097],[133.68887,71.43423],[134.10283,71.37896],[134.70273,71.38682],[134.81387,71.4606],[135.02236,71.51504],[135.35938,71.54351],[135.55918,71.61035],[135.88477,71.63057],[136.09033,71.61958],[136.40615,71.57075],[137.11582,71.41567],[137.31543,71.35942],[137.41748,71.29902],[137.65059,71.20815],[137.79785,71.16392],[137.93965,71.1334],[137.9917,71.14272],[137.97373,71.16865],[137.90195,71.19404],[137.84404,71.22681],[138.0127,71.26084],[138.03252,71.28584],[138.09063,71.30742],[138.31406,71.32554],[138.09717,71.35859],[138.02217,71.36343],[137.91836,71.38408],[137.92734,71.42979],[137.9957,71.46353],[138.04834,71.52598],[138.11846,71.56616],[138.23418,71.59634],[138.31807,71.60283],[138.5252,71.56274],[138.67002,71.63481],[138.78018,71.629],[139.00488,71.55605],[139.20938,71.44478],[139.32021,71.44473],[139.63213,71.48926],[139.98418,71.4915],[139.93877,71.55767],[139.69512,71.70044],[139.72295,71.88496],[139.55234,71.92671],[139.35928,71.95137],[139.64023,71.99834],[139.84707,72.14858],[140.01406,72.16211],[140.1877,72.19131],[140.13438,72.20962],[139.61699,72.22568],[139.50527,72.20767],[139.43047,72.16348],[139.17637,72.16348],[139.14502,72.2644],[139.14082,72.32974],[139.47363,72.4665],[139.60117,72.49609],[140.45059,72.49312],[140.70508,72.51895],[141.0793,72.58691],[140.9832,72.63003],[140.97285,72.71699],[140.65234,72.84282],[140.67598,72.87163],[140.70811,72.89004],[140.8082,72.89097],[141.30977,72.85771],[141.51836,72.78867],[142.06143,72.7208],[143.51582,72.69824],[143.68096,72.67319],[144.30391,72.64302],[144.56865,72.60991],[145.19932,72.57021],[145.48574,72.54209],[145.71416,72.49736],[146.0833,72.47139],[146.25293,72.44224],[146.23477,72.34971],[145.46709,72.36206],[145.21289,72.39268],[144.89746,72.39624],[144.77637,72.38228],[144.5876,72.30552],[144.36094,72.26533],[144.16924,72.25879],[144.29492,72.19263],[144.4707,72.17476],[145.03916,72.25986],[146.59414,72.30244],[146.83184,72.29541],[146.80703,72.23657],[146.59922,72.12354],[146.40166,72.0355],[146.11328,71.94497],[146.00586,71.94546],[146.23027,72.1375],[146.1373,72.14648],[146.05146,72.14229],[145.79941,72.22187],[145.75859,72.22588],[145.70967,72.20635],[145.71016,72.17759],[145.66406,72.06699],[145.75674,72.02065],[145.75674,71.94131],[145.40723,71.89014],[145.27119,71.89463],[145.12578,71.92715],[145.06396,71.92607],[145.04688,71.90103],[145.07773,71.85464],[145.07373,71.83086],[145.01787,71.7937],[144.98965,71.75337],[145.07559,71.70737],[145.18857,71.6958],[145.80479,71.74648],[146.07324,71.80835],[146.36797,71.92207],[146.89473,72.19751],[147.12705,72.29204],[147.26182,72.32788],[147.43398,72.34092],[148.40205,72.31196],[148.96484,72.25234],[149.50156,72.16431],[149.76621,72.09126],[149.96309,71.99219],[149.99814,71.95049],[150.01689,71.89565],[149.88105,71.84302],[149.27969,71.82554],[149.04873,71.79575],[148.96533,71.76279],[148.95488,71.74414],[148.92334,71.71465],[148.96816,71.69048],[149.23789,71.68794],[149.49805,71.66401],[149.85713,71.60146],[149.9127,71.58071],[150.02646,71.52134],[150.06084,71.51084],[150.5998,71.52012],[150.63486,71.49888],[150.66777,71.45522],[150.5251,71.38584],[150.38477,71.33882],[150.09766,71.22656],[150.24297,71.26719],[150.82168,71.36289],[150.96777,71.38047],[151.14531,71.37373],[151.58242,71.28696],[151.75977,71.21782],[152.09277,71.02329],[151.9998,71.00249],[151.76201,70.98247],[152.50879,70.83447],[152.79834,70.83564],[153.46064,70.87861],[153.79414,70.87998],[154.41396,70.97446],[155.02949,71.03423],[155.5959,71.03862],[155.89521,71.09551],[156.68457,71.09375],[157.44736,71.07451],[158.03701,71.03926],[158.70215,70.93501],[159.35068,70.79072],[159.72793,70.64966],[159.80469,70.60493],[159.91182,70.5061],[159.95859,70.42363],[160.00645,70.30967],[159.9834,70.22139],[159.88965,70.15879],[159.83145,70.08145],[159.83916,69.98999],[159.72939,69.87021],[159.83252,69.78496],[160.11914,69.72979],[160.73945,69.65518],[160.91074,69.60635],[160.92891,69.45854],[160.98203,69.33447],[161.03555,69.09819],[161.14082,69.03887],[161.30986,68.98228],[161.34063,68.90518],[161.129,68.65386],[160.99668,68.60752],[160.85605,68.53833],[161.10449,68.5625],[161.23018,68.65391],[161.36514,68.823],[161.49531,68.84985],[161.56563,68.90518],[161.56563,69.06396],[161.48008,69.20171],[161.48008,69.3001],[161.53691,69.37954],[161.94512,69.54512],[162.16602,69.61157],[162.37568,69.64907],[162.94463,69.68276],[163.20137,69.71475],[163.49805,69.69326],[163.70527,69.70181],[163.946,69.73516],[164.15957,69.71929],[164.51328,69.60913],[165.76074,69.58442],[165.98047,69.546],[166.82031,69.49956],[166.88438,69.4999],[167.07314,69.55444],[167.62813,69.74033],[167.85684,69.72822],[167.9501,69.69917],[168.04766,69.62563],[168.15,69.57739],[168.22998,69.44702],[168.30303,69.27148],[168.42305,69.2395],[168.5876,69.22837],[168.94619,69.16333],[169.31064,69.07954],[169.41465,68.91963],[169.60986,68.78604],[170.06563,68.79868],[170.5376,68.82539],[170.99541,69.04531],[170.99668,69.13472],[170.88379,69.26362],[170.71416,69.38823],[170.58223,69.58335],[170.16094,69.62656],[170.20117,69.6832],[170.35957,69.75098],[170.50313,69.85654],[170.52539,69.93789],[170.48682,70.10757],[170.86797,70.09604],[171.24668,70.07612],[171.97051,70.00034],[172.55957,69.96836],[172.86924,69.91978],[173.05635,69.86494],[173.27744,69.82383],[173.35332,69.92402],[173.43867,69.94683],[173.7334,69.89111],[173.94805,69.87412],[174.31943,69.88164],[174.78555,69.85566],[175.29561,69.86006],[175.75117,69.90415],[175.92148,69.89531],[176.10752,69.8603],[176.41045,69.76851],[176.92441,69.646],[177.39453,69.61162],[177.93369,69.49561],[178.44277,69.45298],[178.84834,69.38721],[178.90693,69.36211],[178.925,69.32598],[178.95068,69.2958],[179.27266,69.25967],[179.86826,69.0127],[180.0,68.98345],[180.0,65.30991],[180.0,65.06724],[179.82734,65.03418],[179.65137,64.92095],[179.44824,64.82202],[179.15,64.78159],[178.69844,64.6311],[178.51953,64.60298],[178.28535,64.67227],[177.74863,64.71704],[177.58164,64.77788],[177.33701,64.93135],[177.25186,64.95361],[177.1792,65.01411],[176.88086,65.08193],[176.6248,65.0376],[176.41309,65.07124],[176.34102,65.04731],[176.45215,65.02524],[176.64551,65.00718],[176.94004,65.01602],[177.0373,64.99966],[177.12344,64.94702],[177.22285,64.86167],[177.14824,64.80483],[177.06875,64.78667],[176.83105,64.84922],[176.55664,64.83999],[176.42949,64.85518],[176.06113,64.96089],[175.78115,64.84404],[175.39648,64.78369],[175.09775,64.77686],[174.54883,64.68389],[174.69863,64.68145],[175.09707,64.74663],[175.33066,64.74663],[175.67793,64.78247],[175.85859,64.82529],[175.9459,64.86519],[176.05654,64.90474],[176.16924,64.88477],[176.24697,64.84302],[176.30088,64.78384],[176.35098,64.70513],[176.2832,64.66382],[176.21943,64.64194],[176.14092,64.58584],[176.50762,64.68242],[176.73096,64.62485],[176.84287,64.63379],[177.0498,64.71924],[177.3875,64.77402],[177.42744,64.76338],[177.46719,64.73682],[177.40986,64.5728],[177.43291,64.44448],[177.6875,64.30474],[177.95332,64.22227],[178.04473,64.21958],[178.13057,64.23525],[178.16396,64.30908],[178.22949,64.3644],[178.31299,64.3144],[178.38145,64.26089],[178.47715,64.12788],[178.4748,64.08901],[178.45137,64.01138],[178.53604,63.97563],[178.65029,63.96528],[178.69248,63.84233],[178.73145,63.66709],[178.68135,63.65073],[178.62598,63.65073],[178.44043,63.60557],[178.46611,63.57407],[178.65371,63.55664],[178.70645,63.52153],[178.66885,63.43994],[178.67871,63.40229],[178.74404,63.39478],[178.78672,63.44243],[178.77539,63.51025],[178.79297,63.54033],[178.91855,63.40024],[178.92148,63.34502],[179.02813,63.28242],[179.33232,63.19019],[179.38857,63.14722],[179.40508,63.07773],[179.329,63.05791],[179.25957,63.0083],[179.30215,62.93984],[179.38105,62.88369],[179.51094,62.86279],[179.57051,62.77349],[179.57051,62.6875],[179.47725,62.61309],[179.28867,62.51035],[179.17695,62.46919],[179.13389,62.39644],[179.1207,62.32036],[179.04463,62.32368],[178.96387,62.35527],[178.01924,62.54697],[177.66309,62.58281],[177.35127,62.58745],[177.29258,62.59902],[177.2959,62.64448],[177.31582,62.68525],[177.35967,62.73696],[177.33896,62.78135],[177.29834,62.78423],[177.25869,62.75044],[177.17266,62.75034],[177.09121,62.78955],[177.02354,62.77725],[176.99004,62.72222],[176.96348,62.69326],[176.96475,62.65864],[177.00801,62.62656],[177.18965,62.5916],[177.15947,62.56099],[176.90742,62.53608],[176.70254,62.50576],[176.43652,62.41084],[176.32842,62.34604],[175.61387,62.18438],[175.44199,62.12793],[175.36582,62.12134],[175.26787,62.10239],[175.19238,62.03442],[174.79756,61.93887],[174.71504,61.9479],[174.61055,61.86763],[174.51436,61.82363],[174.28496,61.81753],[174.13887,61.79517],[173.82236,61.67939],[173.62344,61.71606],[173.39072,61.55674],[173.13184,61.40664],[173.05459,61.4062],[172.85654,61.46919],[172.80684,61.43613],[172.83789,61.37559],[172.90801,61.31162],[172.86777,61.29307],[172.78906,61.31069],[172.73066,61.3144],[172.69004,61.29517],[172.69697,61.24932],[172.58477,61.19043],[172.49707,61.18589],[172.39609,61.16738],[172.3624,61.1166],[172.39277,61.06177],[172.21328,60.99785],[172.06729,60.91567],[171.99766,60.90068],[171.91797,60.86411],[171.83057,60.83735],[171.72949,60.84312],[171.48975,60.72573],[170.94932,60.52295],[170.79932,60.49648],[170.6082,60.43491],[170.58975,60.3937],[170.58857,60.34287],[170.5123,60.25952],[170.42344,60.0478],[170.39648,60.00977],[170.35098,59.96553],[170.1541,59.98608],[169.98262,60.06709],[169.92725,60.10425],[169.89756,60.14785],[169.88701,60.21792],[169.8543,60.25024],[169.81475,60.26538],[169.61836,60.43804],[169.27568,60.55664],[169.22676,60.59595],[168.78828,60.56382],[168.67031,60.56289],[168.46279,60.59224],[168.1375,60.57393],[167.746,60.50933],[167.62607,60.46895],[167.22676,60.4063],[166.96406,60.30703],[166.45254,59.94702],[166.33184,59.87241],[166.27305,59.85625],[166.18652,59.84946],[166.14893,59.92207],[166.13604,59.97935],[166.16836,60.08882],[166.22979,60.17832],[166.29248,60.34609],[166.30811,60.41426],[166.35215,60.48481],[166.18018,60.48037],[165.94199,60.35688],[165.58301,60.23647],[165.41582,60.20518],[165.28525,60.13491],[165.19258,60.12476],[165.08457,60.09858],[165.07363,59.94561],[165.01895,59.86074],[164.95371,59.8436],[164.8543,59.84097],[164.77939,59.87422],[164.66973,59.99746],[164.52529,60.06128],[164.44004,60.07271],[164.37686,60.05806],[164.25156,59.97378],[164.11328,59.89756],[164.13506,59.98438],[164.01758,60.01733],[163.91289,60.03706],[163.78008,60.04111],[163.74385,60.02803],[163.69004,59.97842],[163.57432,59.91406],[163.49375,59.88677],[163.40996,59.83496],[163.36484,59.78145],[163.32119,59.70542],[163.26904,59.52002],[163.27285,59.30259],[163.08486,59.1314],[163.01016,59.14829],[162.9749,59.13706],[162.94004,59.11431],[163.0043,59.02017],[162.96982,58.98647],[162.93457,58.96396],[162.84727,58.93926],[162.64336,58.7999],[162.45303,58.70859],[162.1416,58.44741],[162.04922,58.27285],[161.96006,58.0769],[162.00195,57.98096],[162.03965,57.91826],[162.09795,57.87466],[162.19746,57.82915],[162.41143,57.77837],[162.39219,57.74502],[162.39141,57.71724],[162.46699,57.76621],[162.52197,57.9041],[162.6543,57.94824],[162.71836,57.94609],[163.14502,57.8373],[163.22578,57.79038],[163.21387,57.68682],[163.18789,57.6374],[163.10879,57.56484],[162.95703,57.47749],[162.7793,57.35762],[162.7623,57.28408],[162.76152,57.24395],[162.80811,57.10278],[162.81484,57.02339],[162.79111,56.87539],[162.80264,56.81147],[162.8499,56.75684],[162.92207,56.72266],[163.04639,56.74131],[163.16543,56.72549],[163.25654,56.68804],[163.24326,56.56455],[163.29404,56.44771],[163.33555,56.23252],[163.26133,56.17373],[163.18926,56.13701],[163.04736,56.04468],[162.97168,56.03379],[162.84033,56.06562],[162.62813,56.23228],[162.71318,56.33086],[162.89326,56.39946],[162.9752,56.44902],[163.03838,56.52188],[162.94414,56.50806],[162.87764,56.47637],[162.67148,56.49009],[162.58906,56.45493],[162.48867,56.39912],[162.52822,56.26069],[162.46113,56.2355],[162.33408,56.18774],[162.14609,56.12827],[162.08496,56.08965],[161.92402,55.84038],[161.77559,55.65483],[161.72393,55.49614],[161.72939,55.35801],[161.78496,55.20532],[161.82422,55.13892],[161.99609,54.998],[162.08027,54.88613],[162.10557,54.75215],[161.96689,54.68867],[161.72568,54.53296],[161.6248,54.51626],[161.29404,54.52056],[161.12988,54.59824],[160.93555,54.57837],[160.77266,54.54136],[160.51719,54.43086],[160.28887,54.28823],[160.07441,54.18916],[160.01016,54.13086],[159.92178,54.0084],[159.84375,53.78364],[159.8709,53.67266],[159.91426,53.62085],[159.95586,53.5522],[159.89912,53.44771],[159.89766,53.38076],[160.00215,53.2749],[160.0251,53.12959],[159.94746,53.1251],[159.77158,53.22969],[159.58594,53.2377],[159.13613,53.11714],[158.95205,53.04756],[158.74541,52.90894],[158.68369,52.9354],[158.63955,53.01479],[158.56465,53.05],[158.47207,53.03237],[158.43232,52.95742],[158.56016,52.92217],[158.60879,52.87363],[158.53369,52.68843],[158.48076,52.62666],[158.50039,52.4603],[158.49316,52.38315],[158.46348,52.30498],[158.33164,52.09087],[158.10352,51.80962],[157.82324,51.60532],[157.62891,51.53457],[157.53096,51.47988],[157.48984,51.40894],[157.20225,51.21274],[156.84746,51.00659],[156.74775,50.96929],[156.72432,51.04707],[156.71348,51.12412],[156.6708,51.22686],[156.54346,51.31162],[156.52119,51.38027],[156.50039,51.4751],[156.48984,51.91304],[156.37734,52.36655],[156.36475,52.50937],[156.22861,52.62627],[156.15439,52.74727],[156.11035,52.86616],[156.09883,53.00649],[155.9502,53.74429],[155.90488,53.92813],[155.70645,54.52148],[155.62031,54.86455],[155.56387,55.19912],[155.55488,55.34849],[155.64346,55.79355],[155.7166,56.07222],[155.98252,56.69521],[156.02539,56.752],[156.06748,56.78159],[156.5293,57.02119],[156.72842,57.15225],[156.84883,57.29019],[156.97676,57.46631],[156.96357,57.56094],[156.94824,57.61577],[156.8999,57.6769],[156.7916,57.74795],[156.82988,57.77964],[156.87197,57.80366],[156.98574,57.83018],[157.2168,57.77681],[157.45039,57.79927],[157.66641,58.01978],[157.97461,57.98594],[158.21045,58.02529],[158.2752,58.00898],[158.32109,58.08345],[158.44941,58.16284],[158.68701,58.28135],[159.03691,58.42393],[159.21064,58.51943],[159.3084,58.61055],[159.45264,58.69595],[159.5915,58.80366],[159.84736,59.12715],[160.35039,59.39404],[160.54746,59.54736],[160.71143,59.60166],[160.85527,59.62686],[161.21895,59.84561],[161.44932,60.02734],[161.75352,60.15229],[161.846,60.23223],[162.00361,60.42017],[162.06816,60.46641],[162.26631,60.53672],[162.71318,60.65947],[162.97314,60.78291],[163.35234,60.80044],[163.46641,60.84976],[163.58516,60.87715],[163.70996,60.9168],[163.55352,61.02563],[163.58926,61.08437],[163.61963,61.11133],[163.89336,61.24048],[164.00547,61.3438],[163.99209,61.38823],[163.97275,61.41987],[163.80439,61.46138],[163.83711,61.55825],[163.88271,61.64014],[164.01953,61.71069],[164.06797,61.87388],[164.07422,62.04502],[164.20723,62.29224],[164.2875,62.34663],[164.59834,62.47056],[164.6707,62.47378],[164.8877,62.43188],[165.12412,62.41152],[165.20811,62.37397],[165.22568,62.40576],[165.21387,62.44819],[165.28037,62.46299],[165.41738,62.44707],[165.39658,62.4939],[165.04404,62.51699],[164.79238,62.57109],[164.56699,62.67549],[164.41836,62.70464],[164.25566,62.69658],[163.33174,62.55093],[163.28711,62.51143],[163.24424,62.45537],[163.30215,62.373],[163.25801,62.33691],[163.21328,62.31343],[163.16348,62.25957],[163.11846,62.15293],[163.13105,62.0499],[163.01768,61.89106],[163.00928,61.7915],[163.20762,61.73657],[163.25781,61.69946],[163.19785,61.64478],[163.13887,61.61143],[163.08525,61.57056],[163.04727,61.55405],[162.99395,61.54419],[162.92168,61.59771],[162.85596,61.70503],[162.75234,61.71128],[162.71787,61.69512],[162.69902,61.65259],[162.60762,61.65005],[162.50645,61.67012],[162.39258,61.66211],[162.18838,61.54067],[161.03711,60.96289],[160.91504,60.89268],[160.7666,60.75332],[160.48203,60.73984],[160.36816,60.70854],[160.2873,60.66704],[160.17363,60.63843],[160.17734,60.69072],[160.20107,60.72964],[160.22578,60.83154],[160.37891,61.02549],[160.28125,61.04478],[160.18428,61.04766],[160.004,61.00742],[159.88311,60.94341],[159.79043,60.95664],[159.83457,61.01396],[159.94922,61.12861],[159.91396,61.23447],[159.88311,61.2918],[159.93086,61.32393],[160.1627,61.5375],[160.24688,61.64761],[160.31738,61.79336],[160.32148,61.83857],[160.30938,61.89438],[160.23779,61.90386],[160.18252,61.90283],[159.72217,61.7584],[159.55234,61.71948],[159.49629,61.78145],[159.42305,61.80806],[159.29502,61.91416],[159.18926,61.92939],[159.07666,61.92227],[158.82432,61.85024],[158.54717,61.81089],[158.33369,61.82568],[158.15156,61.76484],[158.07012,61.75361],[157.79932,61.79526],[157.46934,61.79893],[157.3707,61.74707],[157.08418,61.67568],[156.8918,61.56519],[156.79063,61.52964],[156.68027,61.48062],[156.62969,61.27246],[156.48262,61.20601],[156.34414,61.15508],[156.05596,60.99561],[155.85332,60.77715],[155.71611,60.68237],[155.42783,60.54985],[154.9708,60.37666],[154.57822,60.09502],[154.44072,59.88379],[154.38984,59.87676],[154.29307,59.83335],[154.2666,59.73037],[154.26885,59.6584],[154.20918,59.60034],[154.1498,59.52852],[154.21289,59.4834],[154.27217,59.47515],[154.35762,59.48145],[154.58252,59.54009],[154.97129,59.44961],[155.1667,59.36016],[155.15303,59.27021],[155.16045,59.19014],[155.0167,59.19561],[154.82373,59.18755],[154.70352,59.14131],[154.45801,59.21655],[154.37598,59.18784],[154.24668,59.10859],[154.01094,59.07554],[153.8917,59.11416],[153.69521,59.22476],[153.36113,59.21479],[153.27295,59.09131],[153.19609,59.09443],[153.07773,59.08188],[152.88223,58.93906],[152.81787,58.92627],[152.57559,58.9541],[152.40068,59.02642],[152.31963,59.03076],[152.16523,58.99702],[152.08789,58.91045],[151.70459,58.8667],[151.32676,58.8751],[151.12109,59.08252],[151.50498,59.16401],[151.7335,59.14668],[151.99004,59.16006],[152.26064,59.22358],[152.16953,59.27793],[152.10449,59.29058],[151.94238,59.28408],[151.79805,59.32324],[151.48574,59.52412],[151.34824,59.56113],[151.17031,59.58325],[151.03359,59.58564],[150.98252,59.57134],[150.91191,59.52305],[150.86328,59.47544],[150.82344,59.46074],[150.72949,59.46914],[150.61523,59.50654],[150.48359,59.49438],[150.53984,59.52495],[150.66729,59.55635],[150.45723,59.59072],[150.32559,59.63887],[150.20254,59.65127],[149.64258,59.77041],[149.42451,59.76099],[149.29043,59.72847],[149.06523,59.63052],[149.12773,59.55879],[149.17539,59.52676],[149.20498,59.48818],[149.13301,59.48052],[148.925,59.475],[148.79707,59.53232],[148.70889,59.44854],[148.74414,59.37354],[148.88965,59.4],[148.96465,59.36914],[148.91406,59.28271],[148.72666,59.25791],[148.49121,59.2623],[148.25742,59.41421],[147.87461,59.38804],[147.68789,59.29067],[147.51445,59.26855],[147.04004,59.36572],[146.80371,59.37295],[146.53721,59.45698],[146.44434,59.43047],[146.27344,59.22148],[146.04951,59.17056],[145.93164,59.19839],[145.8291,59.33032],[145.75645,59.37373],[145.55459,59.41353],[144.4834,59.37627],[144.12344,59.4083],[143.86875,59.41138],[143.52383,59.34365],[143.19219,59.37012],[142.58027,59.24014],[142.33037,59.15264],[142.02539,58.99966],[141.75469,58.74526],[141.60293,58.64902],[141.34707,58.52808],[140.9877,58.41685],[140.79023,58.30347],[140.68496,58.21216],[140.49512,57.86543],[140.44688,57.81367],[140.00234,57.6875],[139.86152,57.54932],[139.80332,57.51416],[139.61924,57.45571],[139.50664,57.3583],[139.44385,57.32969],[139.18164,57.26152],[138.96572,57.08813],[138.66211,56.96553],[138.21777,56.629],[138.18008,56.58853],[138.14062,56.49868],[138.07383,56.43311],[137.6915,56.13936],[137.57295,56.11211],[137.38408,55.97476],[137.18984,55.89229],[137.01211,55.79526],[136.79355,55.69419],[136.46025,55.57671],[136.35117,55.51001],[136.1752,55.35225],[135.75078,55.16064],[135.54063,55.11377],[135.2625,54.94331],[135.23477,54.90322],[135.21152,54.84082],[135.25771,54.73149],[135.32539,54.70742],[135.43779,54.69248],[135.85156,54.58394],[136.23799,54.61406],[136.58027,54.61362],[136.71455,54.62432],[136.79727,54.621],[136.82373,54.56147],[136.82041,54.45234],[136.77041,54.35332],[136.72939,54.06064],[136.68301,53.9313],[136.71885,53.8041],[136.80264,53.78198],[136.88643,53.83936],[137.01875,53.84814],[137.15537,53.82168],[137.25801,54.02524],[137.17246,54.05688],[137.09619,54.12856],[137.1416,54.18223],[137.37773,54.28232],[137.5251,54.29121],[137.66602,54.2833],[137.51318,54.1564],[137.45127,54.13047],[137.40342,54.12354],[137.33926,54.10054],[137.47646,54.02759],[137.62275,53.97046],[137.83477,53.94673],[137.78613,53.90332],[137.64482,53.86582],[137.51699,53.70708],[137.31367,53.63159],[137.22148,53.5792],[137.25371,53.54614],[137.32832,53.53896],[137.73818,53.5603],[137.95049,53.60356],[138.25293,53.72642],[138.37891,53.90928],[138.49355,53.95967],[138.52793,53.95986],[138.56816,53.94717],[138.56914,53.8188],[138.40703,53.67417],[138.29219,53.59243],[138.24971,53.52402],[138.32031,53.5229],[138.45068,53.53701],[138.51094,53.57002],[138.66074,53.74478],[138.69941,53.86973],[138.72168,54.04375],[138.70469,54.14766],[138.71592,54.22266],[138.65723,54.29834],[138.6957,54.32002],[139.10508,54.21782],[139.31973,54.19297],[139.70742,54.27715],[139.79551,54.25645],[139.8584,54.20532],[140.17871,54.05156],[140.2417,54.00103],[140.34707,53.8126],[140.6876,53.59644],[141.00566,53.49458],[141.01504,53.45425],[141.21768,53.33447],[141.37373,53.29277],[141.40205,53.18398],[141.32793,53.09727],[141.18125,53.01528],[140.8873,53.0915],[140.83965,53.08789],[140.87451,53.03984],[141.08682,52.89756],[141.25586,52.84014],[141.26592,52.65259],[141.24502,52.55015],[141.13242,52.43569],[141.16982,52.36841],[141.32969,52.27114],[141.40908,52.23433],[141.48525,52.17852],[141.38555,52.05723],[141.36689,51.92065],[141.2584,51.86069],[141.12939,51.72778],[140.93262,51.61992],[140.83857,51.41416],[140.6877,51.23228],[140.6707,51.05132],[140.64561,50.98677],[140.5209,50.8002],[140.47637,50.546],[140.53545,50.13076],[140.56406,50.10669],[140.62451,50.08242],[140.61328,50.05371],[140.58457,50.03335],[140.4627,49.91147],[140.46455,49.82559],[140.51133,49.76167],[140.51719,49.59614],[140.43105,49.33149],[140.39912,49.28979],[140.36436,49.22085],[140.34863,49.15918],[140.32559,49.12002],[140.30898,49.05391],[140.33369,48.99482],[140.37832,48.96411],[140.22422,48.77285],[140.17061,48.52368],[140.11328,48.42266],[139.99844,48.32378],[139.76074,48.18057],[139.67627,48.08989],[139.52051,47.97529],[139.37266,47.88735],[139.16699,47.63486],[139.00137,47.3833],[138.58682,47.05723],[138.52969,46.97622],[138.50049,46.88984],[138.3918,46.74507],[138.33691,46.54341],[138.21016,46.46294],[138.10635,46.25073],[137.76914,45.92852],[137.68545,45.81836],[137.4252,45.63999],[137.14697,45.39351],[136.80352,45.17114],[136.73721,45.08003],[136.6041,44.97817],[136.46045,44.82212],[136.25117,44.6668],[136.20869,44.56201],[136.14229,44.48911],[135.98701,44.43984],[135.87461,44.37354],[135.5332,43.97148],[135.48906,43.89883],[135.4834,43.83501],[135.26016,43.68462],[135.13105,43.52573],[134.91699,43.42656],[134.6918,43.29058],[134.15645,43.04214],[134.01045,42.94746],[133.70938,42.82993],[133.58672,42.82822],[133.32949,42.76387],[133.15996,42.69697],[133.05938,42.7228],[132.99658,42.80801],[132.92393,42.80527],[132.86357,42.79375],[132.70898,42.87583],[132.57646,42.87158],[132.48135,42.90977],[132.30381,42.8833],[132.33438,43.23867],[132.30957,43.31353],[132.2332,43.24507],[132.02871,43.11895],[131.94727,43.09541],[131.8666,43.09517],[131.89834,43.17075],[132.01309,43.28003],[131.97627,43.29604],[131.93896,43.30195],[131.79473,43.25527],[131.72207,43.20264],[131.51641,42.99644],[131.39326,42.82231],[131.29248,42.77212],[131.24531,42.69741],[131.1583,42.62603],[131.0248,42.64517],[130.9457,42.63394],[130.75615,42.67329],[130.70938,42.6564],[130.83418,42.52295],[130.72988,42.32578],[130.6873,42.30254],[130.63652,42.27485],[130.56924,42.2917],[130.45752,42.30171],[130.31475,42.21411],[130.23574,42.1832],[130.17988,42.09697],[130.06826,42.04575],[130.00732,41.99116],[129.92822,41.89673],[129.87637,41.80552],[129.75635,41.71226],[129.68633,41.59497],[129.68242,41.49434],[129.75898,41.3915],[129.76582,41.30386],[129.71211,41.12368],[129.74199,40.93228],[129.70869,40.85732],[129.34111,40.72632],[129.24512,40.66104],[129.10977,40.49106],[128.94521,40.42788],[128.84297,40.3585],[128.70137,40.31753],[128.61074,40.1979],[128.51123,40.13022],[128.39297,40.08896],[128.30449,40.03594],[128.10635,40.03257],[127.9666,39.99561],[127.86709,39.89595],[127.56816,39.78198],[127.52744,39.6957],[127.54727,39.56279],[127.54893,39.46108],[127.52285,39.37739],[127.45742,39.40098],[127.42227,39.37358],[127.3835,39.29614],[127.39453,39.20791],[127.49697,39.17949],[127.58096,39.14326],[127.69893,39.12505],[127.78613,39.08413],[127.97168,38.898],[128.12305,38.81641],[128.1625,38.78613],[128.24941,38.74521],[128.32949,38.68091],[128.37461,38.62344],[128.61885,38.17607],[128.85244,37.88706],[129.05156,37.67764],[129.33516,37.27456],[129.41826,37.05903],[129.42617,36.92554],[129.47344,36.74189],[129.43301,36.63662],[129.44502,36.4707],[129.42715,36.3855],[129.39258,36.32271],[129.39131,36.20215],[129.40244,36.13765],[129.40352,36.05215],[129.42578,36.0188],[129.4583,36.00645],[129.50977,36.0376],[129.57285,36.05054],[129.56172,35.94766],[129.48545,35.6874],[129.41914,35.49785],[129.329,35.33276],[129.21416,35.18184],[129.07676,35.12271],[128.98008,35.10151],[128.7957,35.0939],[128.64258,35.11958],[128.51094,35.10098],[128.45811,35.06943],[128.41885,35.01567],[128.44766,34.93208],[128.44395,34.87036],[128.3877,34.8751],[128.27598,34.91099],[128.15234,34.91587],[128.09453,34.93359],[128.03623,35.02197],[127.97676,35.0187],[127.87324,34.96631],[127.71484,34.95469],[127.65908,34.92637],[127.63936,34.8897],[127.6625,34.84341],[127.74219,34.78257],[127.71543,34.72104],[127.63242,34.69023],[127.56543,34.76592],[127.52363,34.84009],[127.47695,34.84429],[127.4043,34.8231],[127.38965,34.74302],[127.42344,34.68848],[127.4791,34.62524],[127.40117,34.55254],[127.38057,34.50063],[127.32461,34.46328],[127.17344,34.54614],[127.19492,34.60503],[127.26055,34.66167],[127.26865,34.72036],[127.24707,34.75513],[127.03076,34.60688],[126.89746,34.43887],[126.82627,34.45107],[126.79648,34.49429],[126.75479,34.51187],[126.61084,34.40352],[126.58438,34.31753],[126.53145,34.31426],[126.5083,34.35063],[126.50645,34.42837],[126.48174,34.49395],[126.33262,34.58965],[126.26445,34.67324],[126.30107,34.71997],[126.42559,34.69458],[126.52451,34.6979],[126.50498,34.73755],[126.47285,34.75635],[126.53857,34.77866],[126.59336,34.82437],[126.54795,34.83677],[126.47852,34.81035],[126.4207,34.82339],[126.39785,34.93281],[126.32744,35.04512],[126.29111,35.15415],[126.36055,35.21689],[126.3959,35.3144],[126.46045,35.45562],[126.49277,35.50127],[126.58223,35.53447],[126.61406,35.571],[126.56494,35.58975],[126.48652,35.60635],[126.48848,35.64707],[126.54189,35.66934],[126.60156,35.71421],[126.71738,35.76885],[126.75303,35.87197],[126.71963,35.8979],[126.64746,35.92241],[126.66367,35.97451],[126.69346,36.01416],[126.68232,36.03794],[126.59707,36.10503],[126.54043,36.16616],[126.55723,36.23584],[126.54424,36.34121],[126.55195,36.42969],[126.54824,36.47764],[126.50664,36.58564],[126.4877,36.6938],[126.43301,36.67803],[126.38877,36.65117],[126.23066,36.68926],[126.18086,36.6916],[126.16055,36.77192],[126.21719,36.87095],[126.35156,36.9582],[126.42871,36.96904],[126.48701,37.00747],[126.57773,37.01958],[126.68672,36.96035],[126.78447,36.94844],[126.83877,36.84609],[126.87207,36.82446],[126.8791,36.86206],[126.95801,36.90615],[126.97686,36.9394],[126.95977,36.95762],[126.86895,36.97573],[126.7874,37.10273],[126.77607,37.1582],[126.74639,37.19355],[126.79053,37.29492],[126.69619,37.41069],[126.65029,37.44712],[126.65684,37.55117],[126.60762,37.61743],[126.58018,37.65376],[126.56338,37.7165],[126.57773,37.74473],[126.6207,37.75547],[126.63389,37.78184],[126.62324,37.79019],[126.57275,37.79683],[126.36992,37.87837],[126.20312,37.82852],[126.16104,37.76372],[126.1167,37.74292],[126.05029,37.86982],[125.9417,37.87368],[125.76914,37.98535],[125.69502,37.9627],[125.67617,37.91772],[125.58154,37.81504],[125.44932,37.73022],[125.40664,37.71904],[125.35781,37.7248],[125.36484,37.74824],[125.31074,37.84351],[125.10195,37.88208],[125.02676,37.92261],[124.98877,37.93145],[125.19316,38.03779],[125.24668,38.05684],[125.20674,38.08154],[125.1626,38.09365],[124.99502,38.07783],[124.90703,38.11265],[124.77949,38.10151],[124.69092,38.1292],[124.87451,38.2334],[124.88271,38.29497],[124.88057,38.34165],[124.97373,38.48013],[125.06738,38.55674],[125.30967,38.66538],[125.41533,38.68042],[125.4918,38.67612],[125.55449,38.68623],[125.48867,38.72778],[125.42422,38.74687],[125.29893,38.74297],[125.16885,38.80552],[125.15732,38.87153],[125.40967,39.28838],[125.41318,39.32627],[125.37363,39.42764],[125.36084,39.52661],[125.18008,39.5835],[125.1001,39.59033],[124.86787,39.70181],[124.77529,39.75806],[124.73887,39.7415],[124.73223,39.6522],[124.69922,39.63237],[124.63828,39.61509],[124.60762,39.71694],[124.55742,39.79058],[124.40381,39.86553],[124.34863,39.90688],[124.3751,39.99614],[124.36211,40.00405],[124.35,40.01157],[124.26748,39.92417],[124.10576,39.84102],[123.76016,39.82241],[123.65088,39.88159],[123.61123,39.84082],[123.58066,39.78613],[123.49004,39.76787],[123.34814,39.76294],[123.26895,39.7269],[123.22656,39.68662],[123.03223,39.67354],[122.96094,39.61992],[122.84004,39.60083],[122.33486,39.36611],[122.225,39.26733],[122.1209,39.1519],[122.04766,39.0938],[121.98232,39.05317],[121.92266,39.03652],[121.86436,38.99648],[121.80518,38.99141],[121.74482,39.00967],[121.67725,39.00342],[121.63281,38.95483],[121.67041,38.8918],[121.6499,38.86509],[121.51719,38.83076],[121.32012,38.8082],[121.23633,38.76694],[121.20742,38.74351],[121.16357,38.73164],[121.12168,38.81328],[121.10674,38.9208],[121.18828,38.94668],[121.26328,38.96025],[121.67988,39.10869],[121.62764,39.22017],[121.66455,39.26875],[121.75781,39.34756],[121.81846,39.38652],[121.78545,39.40083],[121.5125,39.37485],[121.35566,39.37681],[121.27549,39.38477],[121.2998,39.4522],[121.28633,39.51943],[121.26748,39.54468],[121.40645,39.62124],[121.46953,39.64014],[121.51758,39.63896],[121.51426,39.68525],[121.47422,39.75488],[121.51738,39.84482],[121.80098,39.95054],[121.86895,40.04639],[121.98281,40.13584],[122.19092,40.35825],[122.20332,40.39604],[122.26387,40.5002],[122.275,40.54185],[122.17871,40.60273],[122.14043,40.68818],[121.85879,40.84209],[121.83486,40.97427],[121.80859,40.96851],[121.76562,40.87588],[121.7293,40.84614],[121.59893,40.84341],[121.53711,40.87842],[121.17451,40.90127],[121.08594,40.8416],[121.00293,40.74912],[120.92227,40.68311],[120.84131,40.64922],[120.7707,40.58906],[120.4791,40.23096],[120.36895,40.20386],[119.85039,39.98745],[119.59111,39.90264],[119.39111,39.75249],[119.32236,39.66162],[119.26133,39.56089],[119.22461,39.40806],[119.04014,39.22236],[118.97695,39.18257],[118.9123,39.16641],[118.82646,39.17212],[118.75244,39.1605],[118.62637,39.17686],[118.47197,39.11802],[118.29785,39.06709],[118.14785,39.19507],[118.04092,39.22676],[117.86572,39.19126],[117.78467,39.13447],[117.6167,38.85288],[117.55381,38.69146],[117.55781,38.62515],[117.65605,38.42422],[117.7667,38.31167],[118.01494,38.1834],[118.54326,38.09492],[118.66709,38.12637],[118.8,38.12666],[118.94004,38.04277],[119.02754,37.904],[119.03564,37.80918],[119.03848,37.77651],[119.07031,37.74858],[119.08916,37.70073],[119.0335,37.66104],[118.99082,37.64136],[118.95488,37.49409],[118.95264,37.33115],[118.99814,37.2771],[119.11182,37.20117],[119.2874,37.13828],[119.4499,37.12476],[119.76055,37.15508],[119.8875,37.25337],[119.87998,37.2958],[119.88291,37.35083],[120.15586,37.49502],[120.31152,37.62271],[120.28711,37.65649],[120.25723,37.679],[120.28467,37.69209],[120.37012,37.70103],[120.75,37.83394],[121.04902,37.7252],[121.21953,37.60015],[121.38809,37.57896],[121.50527,37.51504],[121.64023,37.46035],[121.81641,37.45664],[121.96484,37.44531],[122.01016,37.49575],[122.05664,37.52891],[122.10957,37.52231],[122.16914,37.45615],[122.3377,37.40527],[122.49326,37.40796],[122.60234,37.42642],[122.66699,37.40283],[122.57334,37.31792],[122.5873,37.1811],[122.51553,37.13784],[122.44668,37.06812],[122.4874,37.02227],[122.52344,37.00264],[122.51973,36.94683],[122.45703,36.91514],[122.34092,36.83223],[122.27422,36.83384],[122.24229,36.84985],[122.21973,36.87954],[122.20322,36.9272],[122.1624,36.95864],[122.04951,36.97075],[121.93271,36.95947],[121.66963,36.83638],[121.41309,36.73838],[121.14404,36.66045],[121.05381,36.61138],[120.98994,36.59795],[120.87852,36.63516],[120.81084,36.63281],[120.79668,36.60723],[120.88262,36.53892],[120.90498,36.4853],[120.8958,36.44414],[120.84707,36.42607],[120.77617,36.4563],[120.71152,36.41328],[120.68223,36.34072],[120.68096,36.16836],[120.63789,36.12993],[120.51934,36.10869],[120.39307,36.05386],[120.34824,36.0792],[120.33027,36.11011],[120.34346,36.18945],[120.32773,36.22817],[120.27012,36.22617],[120.1833,36.20244],[120.11699,36.15029],[120.09414,36.1189],[120.18145,36.01748],[120.26475,36.00723],[120.28477,35.98442],[120.21904,35.93491],[120.05469,35.86113],[120.02744,35.79937],[119.97871,35.74023],[119.91172,35.69321],[119.86621,35.64365],[119.81055,35.61772],[119.71973,35.58872],[119.6084,35.46987],[119.52646,35.35859],[119.42969,35.30142],[119.35283,35.11382],[119.21582,35.01177],[119.16533,34.84883],[119.20098,34.74844],[119.35137,34.74941],[119.42676,34.71416],[119.58291,34.58223],[119.76973,34.49619],[119.96367,34.4478],[120.20146,34.32568],[120.2667,34.27402],[120.32266,34.16899],[120.42568,33.86631],[120.4998,33.71646],[120.50479,33.63818],[120.61563,33.49053],[120.73447,33.23662],[120.87109,33.0165],[120.89736,32.84321],[120.85303,32.76411],[120.85322,32.66138],[120.98994,32.56704],[121.29336,32.45732],[121.3417,32.42505],[121.40098,32.37192],[121.40391,32.20625],[121.45078,32.15332],[121.49053,32.12109],[121.67422,32.05103],[121.75107,31.99287],[121.83242,31.89976],[121.85635,31.81646],[121.86631,31.70356],[121.76357,31.69951],[121.68086,31.71216],[121.35195,31.85879],[121.26641,31.8627],[121.1458,31.84233],[120.97354,31.86938],[120.7917,32.03174],[120.66055,32.08105],[120.52012,32.10586],[120.18408,31.96616],[120.09873,31.97598],[120.07393,31.96025],[120.03594,31.93628],[120.1916,31.90635],[120.34746,31.9521],[120.49717,32.01982],[120.71553,31.98374],[120.75225,31.92285],[120.78779,31.81978],[120.9375,31.7502],[121.05537,31.71943],[121.20488,31.62808],[121.35098,31.48535],[121.66064,31.31973],[121.78594,31.16289],[121.83447,31.06162],[121.87793,30.91699],[121.76943,30.87036],[121.6752,30.86377],[121.52754,30.84097],[121.41895,30.78979],[121.30996,30.69971],[120.99766,30.55825],[120.93828,30.46973],[120.89746,30.39263],[120.82148,30.35464],[120.62998,30.39087],[120.4498,30.38784],[120.24551,30.28354],[120.19463,30.24131],[120.22852,30.24956],[120.26055,30.26304],[120.35254,30.24741],[120.49453,30.30308],[120.6334,30.13315],[120.90449,30.16064],[121.15938,30.30176],[121.25801,30.3041],[121.34062,30.28237],[121.43271,30.22666],[121.67793,29.9791],[121.8123,29.95215],[121.94434,29.89409],[122.01729,29.8877],[122.08291,29.87036],[121.90576,29.77969],[121.67656,29.58379],[121.57461,29.53701],[121.50625,29.48457],[121.69043,29.51099],[121.82188,29.60464],[121.88799,29.62778],[121.94121,29.60591],[121.96836,29.49062],[121.91777,29.13501],[121.85352,29.12891],[121.79082,29.22568],[121.71748,29.25635],[121.65596,29.23613],[121.53369,29.23672],[121.48711,29.19316],[121.44766,29.13135],[121.5209,29.11846],[121.66494,29.0106],[121.67969,28.95312],[121.64102,28.91592],[121.54004,28.93188],[121.6625,28.85142],[121.63008,28.76792],[121.59033,28.73481],[121.51914,28.71367],[121.4752,28.64141],[121.53809,28.52109],[121.60205,28.3666],[121.60996,28.29214],[121.50996,28.32427],[121.35459,28.22988],[121.27227,28.22212],[121.2168,28.34619],[121.1457,28.32666],[121.09844,28.29053],[121.03545,28.15728],[120.95859,28.03701],[120.89248,28.00391],[120.81299,28.01338],[120.74766,28.00996],[120.76348,27.97744],[120.83301,27.93779],[120.83301,27.89146],[120.68516,27.74458],[120.66133,27.68789],[120.66484,27.63945],[120.5875,27.58076],[120.6291,27.48213],[120.60752,27.4124],[120.53984,27.31836],[120.46865,27.25625],[120.38457,27.15552],[120.27871,27.09707],[120.13857,26.88613],[120.09746,26.78066],[120.08672,26.67158],[120.04297,26.63384],[119.96777,26.58638],[119.88223,26.61045],[119.87949,26.68301],[119.84238,26.68931],[119.82129,26.73691],[119.81514,26.79761],[119.82422,26.84639],[119.78867,26.83149],[119.7667,26.77471],[119.71045,26.72866],[119.65156,26.74727],[119.58818,26.78496],[119.58994,26.73047],[119.62363,26.67588],[119.63818,26.62119],[119.72598,26.60942],[119.78477,26.54663],[119.83115,26.4502],[119.84033,26.41416],[119.87646,26.37095],[119.88105,26.33418],[119.79727,26.30015],[119.69268,26.23643],[119.56709,26.12734],[119.46309,26.05469],[119.36973,26.05405],[119.31309,26.06255],[119.23213,26.10439],[119.13945,26.12178],[119.26377,25.9748],[119.33203,25.94873],[119.41777,25.95435],[119.50088,26.00918],[119.61875,26.00356],[119.64824,25.9187],[119.61689,25.8229],[119.55283,25.69868],[119.53945,25.59126],[119.61914,25.43745],[119.62246,25.39116],[119.59277,25.36802],[119.49922,25.40864],[119.42178,25.45962],[119.34375,25.44629],[119.26309,25.46802],[119.18008,25.4498],[119.14629,25.41431],[119.16934,25.35571],[119.24355,25.30703],[119.28555,25.23223],[119.23555,25.20596],[119.02461,25.22344],[118.97754,25.20928],[118.91445,25.12681],[118.95566,25.00479],[118.90908,24.92891],[118.82207,24.91113],[118.70752,24.8498],[118.63691,24.83555],[118.64023,24.80908],[118.6918,24.78232],[118.71914,24.74614],[118.65703,24.62144],[118.56035,24.58037],[118.41201,24.60073],[118.29531,24.57275],[118.19453,24.62583],[118.08711,24.627],[118.01387,24.55991],[118.00596,24.48198],[117.93506,24.47422],[117.89688,24.47983],[117.84268,24.47432],[117.84824,24.43247],[117.879,24.3959],[118.02422,24.37964],[118.05059,24.32715],[118.05605,24.24609],[117.9041,24.10645],[117.83945,24.0123],[117.7417,24.01479],[117.66787,23.93926],[117.62822,23.83672],[117.5792,23.85698],[117.46641,23.84058],[117.43311,23.7917],[117.45957,23.77148],[117.46221,23.73623],[117.41699,23.621],[117.36768,23.58862],[117.34668,23.63574],[117.33076,23.70879],[117.29082,23.71436],[117.225,23.64702],[117.14814,23.59878],[117.08252,23.57876],[117.03281,23.62344],[116.91064,23.64668],[116.86094,23.45308],[116.75957,23.38252],[116.71211,23.3605],[116.62939,23.35386],[116.68232,23.32739],[116.69883,23.27778],[116.66914,23.22817],[116.58643,23.21826],[116.53828,23.17969],[116.51982,23.00659],[116.4707,22.9459],[116.34551,22.94106],[116.25186,22.98135],[116.22207,22.94956],[116.20635,22.91865],[116.15742,22.88745],[116.0626,22.8791],[115.85215,22.80156],[115.75586,22.82393],[115.64043,22.85342],[115.56113,22.82471],[115.53467,22.76519],[115.49834,22.71885],[115.38252,22.71885],[115.28994,22.77598],[115.1958,22.81729],[115.0915,22.78169],[115.01211,22.70894],[114.91445,22.68462],[114.89639,22.6395],[114.85381,22.6168],[114.75039,22.62632],[114.71113,22.73872],[114.65166,22.75527],[114.59277,22.69844],[114.57197,22.65405],[114.54443,22.62061],[114.5542,22.52891],[114.49619,22.52705],[114.42012,22.58325],[114.34062,22.59321],[114.26602,22.54097],[114.29111,22.49946],[114.28457,22.45762],[114.3252,22.4374],[114.33525,22.39624],[114.29053,22.37378],[114.28789,22.32529],[114.26797,22.29556],[114.13906,22.34844],[114.03281,22.37588],[113.9373,22.36499],[113.90254,22.39609],[113.89648,22.42817],[114.00674,22.48403],[114.01543,22.51191],[113.93115,22.53105],[113.82832,22.60723],[113.75449,22.73364],[113.66113,22.80166],[113.61963,22.86143],[113.60342,22.9689],[113.58633,23.02002],[113.59219,23.07695],[113.62051,23.12749],[113.51973,23.1021],[113.44531,23.05508],[113.46035,22.9957],[113.44189,22.94058],[113.33105,22.91201],[113.33779,22.88882],[113.34482,22.8646],[113.43203,22.7894],[113.4498,22.72612],[113.48477,22.69238],[113.55303,22.59404],[113.55146,22.40415],[113.58887,22.35049],[113.57646,22.29727],[113.54814,22.22261],[113.49883,22.20166],[113.41572,22.17837],[113.36738,22.16484],[113.32773,22.14541],[113.26641,22.08877],[113.14902,22.075],[113.08877,22.20796],[113.0082,22.11934],[112.98379,21.93823],[112.95391,21.90732],[112.90381,21.88145],[112.80859,21.94463],[112.72539,21.90234],[112.66074,21.85947],[112.63408,21.81987],[112.58633,21.77686],[112.49473,21.81831],[112.42129,21.88062],[112.43945,21.92734],[112.4293,21.95811],[112.39609,21.98135],[112.35967,21.97803],[112.37744,21.91748],[112.38975,21.80122],[112.35645,21.76758],[112.30498,21.7417],[112.19336,21.76313],[112.11719,21.80649],[112.0252,21.84302],[111.94395,21.84966],[111.92646,21.77627],[111.87344,21.71714],[111.82461,21.70977],[111.77598,21.71924],[111.71191,21.65522],[111.68164,21.6085],[111.60273,21.55908],[111.39238,21.53511],[111.31914,21.48613],[111.22061,21.4939],[111.14424,21.48223],[111.10059,21.48472],[111.06113,21.51099],[111.01689,21.51172],[110.99678,21.43027],[110.87803,21.39595],[110.77109,21.38652],[110.65215,21.2791],[110.56719,21.21406],[110.5043,21.20742],[110.45801,21.23057],[110.43457,21.3269],[110.41094,21.33813],[110.39746,21.24771],[110.37461,21.17236],[110.33115,21.13135],[110.19355,21.03765],[110.154,20.94463],[110.18037,20.85859],[110.36543,20.8376],[110.38848,20.79053],[110.37051,20.75205],[110.32617,20.71992],[110.31309,20.67168],[110.51152,20.51826],[110.51758,20.46001],[110.48691,20.42686],[110.44951,20.35542],[110.34473,20.29482],[110.12314,20.26372],[109.93848,20.29512],[109.88252,20.36406],[109.88584,20.41313],[109.93164,20.39888],[109.98389,20.40327],[109.96836,20.44814],[109.94639,20.47437],[109.86104,20.51431],[109.79199,20.62188],[109.80527,20.71147],[109.76738,20.78071],[109.72627,20.83877],[109.68477,20.87363],[109.6626,20.91689],[109.70449,21.05273],[109.68125,21.13164],[109.76016,21.22837],[109.77959,21.33745],[109.92109,21.37646],[109.93076,21.48057],[109.82959,21.48359],[109.75938,21.56006],[109.74336,21.52798],[109.68691,21.52461],[109.59434,21.67197],[109.56641,21.69058],[109.52148,21.69341],[109.54404,21.53794],[109.43555,21.47949],[109.34668,21.45396],[109.22041,21.44341],[109.14863,21.42554],[109.08154,21.44028],[109.09814,21.48735],[109.1335,21.5436],[109.10176,21.59048],[109.03057,21.62651],[108.92178,21.62441],[108.84639,21.63447],[108.77168,21.63047],[108.74395,21.65127],[108.67451,21.72466],[108.61582,21.77046],[108.58936,21.81597],[108.61582,21.8689],[108.59375,21.90103],[108.47988,21.90464],[108.48086,21.82881],[108.49258,21.7394],[108.52568,21.67139],[108.50215,21.63345],[108.44434,21.60732],[108.38281,21.6792],[108.35459,21.69692],[108.3248,21.69351],[108.30215,21.62192],[108.24629,21.5584],[108.14561,21.56519],[108.06738,21.52598],[107.97266,21.50796],[107.92578,21.49893],[107.80908,21.49712],[107.70723,21.40586],[107.63672,21.36807],[107.52695,21.33623],[107.40996,21.28481],[107.37617,21.19414],[107.37334,21.12847],[107.3543,21.05518],[107.16475,20.94873],[107.11172,20.95957],[107.0752,20.99927],[107.01924,20.99121],[106.98145,20.97139],[106.93643,20.97407],[106.88623,20.95],[106.82061,20.95752],[106.76025,20.99111],[106.7252,20.9999],[106.6834,21.00029],[106.67549,20.9605],[106.7373,20.80615],[106.75342,20.73506],[106.55078,20.52656],[106.57285,20.39219],[106.51797,20.28887],[106.39551,20.20591],[106.16572,19.99204],[106.06221,19.98735],[105.98408,19.93906],[105.81396,19.58745],[105.81211,19.46699],[105.78535,19.37886],[105.79111,19.29419],[105.71641,19.12778],[105.63906,19.05718],[105.62178,18.96631],[105.73203,18.7793],[105.74424,18.74629],[105.8082,18.64585],[105.83926,18.57417],[105.88828,18.50249],[106.06563,18.31636],[106.14453,18.25942],[106.23955,18.2207],[106.41191,18.05317],[106.49902,17.94644],[106.45938,17.87368],[106.47891,17.71958],[106.35586,17.76504],[106.37051,17.74688],[106.5168,17.66279],[106.73574,17.36719],[106.92617,17.22139],[107.11992,17.05552],[107.18037,16.89795],[107.35508,16.79375],[107.54932,16.64258],[107.54082,16.60864],[107.59346,16.56807],[107.72412,16.48784],[107.80313,16.40308],[107.83379,16.32246],[107.88203,16.30962],[107.93633,16.32939],[107.99072,16.33711],[108.02939,16.3311],[108.08799,16.24272],[108.16973,16.16367],[108.20898,16.09106],[108.24082,16.10078],[108.26738,16.08979],[108.27402,16.02905],[108.28604,15.98906],[108.39531,15.87246],[108.44746,15.7627],[108.57783,15.58472],[108.67422,15.48359],[108.74277,15.42661],[108.82129,15.37793],[108.89824,15.18052],[108.93994,15.00146],[109.02246,14.80283],[109.08486,14.71616],[109.08701,14.55259],[109.1373,14.38413],[109.19141,14.27046],[109.20732,14.1543],[109.22393,14.09668],[109.24463,14.05342],[109.30332,13.85645],[109.28809,13.76504],[109.24707,13.85474],[109.25205,13.59053],[109.28809,13.45078],[109.27188,13.27935],[109.30957,13.21919],[109.37676,13.02549],[109.42393,12.95596],[109.42002,12.71904],[109.44492,12.59961],[109.38145,12.67075],[109.33555,12.7519],[109.27402,12.70903],[109.21895,12.6458],[109.30469,12.39116],[109.20684,12.41538],[109.21572,12.0729],[109.25625,11.99287],[109.25918,11.95454],[109.24727,11.90869],[109.22021,11.95884],[109.21455,12.01045],[109.19912,11.99902],[109.1999,11.97246],[109.16729,11.91201],[109.15752,11.83711],[109.19268,11.77344],[109.19863,11.72485],[109.17324,11.66475],[109.13252,11.60107],[109.03965,11.59268],[109.01846,11.46836],[108.98672,11.33638],[108.8208,11.31543],[108.70029,11.19927],[108.55127,11.15596],[108.41855,11.04072],[108.27168,10.93428],[108.17617,10.92017],[108.09492,10.89727],[108.00137,10.72036],[107.84512,10.7001],[107.56445,10.55547],[107.47031,10.48584],[107.38447,10.45864],[107.26152,10.39839],[107.23506,10.41987],[107.19414,10.47158],[107.08779,10.49834],[107.03574,10.5563],[107.0207,10.63096],[107.00664,10.66055],[106.98369,10.61831],[106.96611,10.44072],[106.94746,10.40034],[106.90205,10.38281],[106.8127,10.4333],[106.72734,10.53564],[106.60586,10.46494],[106.64307,10.45625],[106.69844,10.46206],[106.74121,10.44438],[106.77754,10.37612],[106.77627,10.33896],[106.75742,10.2958],[106.64355,10.28892],[106.4917,10.3041],[106.46406,10.29829],[106.60244,10.23174],[106.729,10.19331],[106.78525,10.15117],[106.78525,10.11646],[106.71416,10.06021],[106.65918,9.99141],[106.65811,9.94873],[106.65684,9.90107],[106.59561,9.85986],[106.55732,9.86807],[106.44912,9.93965],[106.13643,10.22168],[106.18359,10.14209],[106.50742,9.82124],[106.56436,9.71562],[106.57246,9.64111],[106.53916,9.60356],[106.48408,9.55942],[106.37803,9.5561],[106.204,9.67544],[105.92568,9.96172],[105.83096,10.00073],[106.1125,9.67358],[106.15859,9.59414],[106.20615,9.50234],[106.19258,9.4478],[106.16836,9.39673],[105.50098,9.09321],[105.40137,8.9624],[105.32227,8.80112],[105.19121,8.71133],[105.11436,8.6292],[104.89189,8.58325],[104.77041,8.59766],[104.89629,8.74663],[104.81855,8.80186],[104.81465,9.1855],[104.84521,9.60615],[104.90322,9.81626],[104.98711,9.86865],[105.09258,9.90098],[105.09492,9.94526],[105.08447,9.9957],[105.02783,10.06743],[104.96582,10.10059],[104.87324,10.11479],[104.80195,10.20273],[104.74766,10.19912],[104.66348,10.16992],[104.6127,10.20767],[104.59404,10.26689],[104.51611,10.33999],[104.42637,10.41123],[104.2624,10.54126],[103.93711,10.58662],[103.90176,10.64395],[103.87051,10.65513],[103.84053,10.58057],[103.66191,10.50894],[103.58711,10.5522],[103.53223,10.60464],[103.54043,10.6687],[103.59209,10.72104],[103.68086,10.75859],[103.72188,10.89014],[103.6543,11.05869],[103.59502,11.10776],[103.53242,11.14668],[103.4667,11.08398],[103.41133,10.97676],[103.35361,10.92158],[103.27217,10.90928],[103.15283,10.91372],[103.10645,11.07378],[103.09111,11.21108],[103.10742,11.36777],[103.12549,11.46064],[103.01055,11.58867],[103.0042,11.7106],[102.94863,11.77349],[102.93232,11.7417],[102.93389,11.70669],[102.9123,11.70386],[102.88369,11.77275],[102.7916,11.88862],[102.76299,12.01245],[102.65488,12.14883],[102.59414,12.20303],[102.5748,12.15781],[102.54023,12.10923],[102.43408,12.17925],[102.34316,12.25259],[102.25908,12.39434],[102.24844,12.36143],[102.22959,12.33164],[102.13418,12.44302],[102.03438,12.53188],[101.94453,12.56367],[101.88906,12.59326],[101.83574,12.64038],[101.72363,12.68936],[101.44492,12.61895],[101.09023,12.67363],[100.95371,12.62124],[100.89775,12.65381],[100.86328,12.7145],[100.89639,12.81816],[100.90391,13.03491],[100.94609,13.18726],[100.92627,13.30303],[100.94697,13.35757],[100.9627,13.43198],[100.90654,13.4624],[100.65605,13.52129],[100.60293,13.56816],[100.53643,13.51445],[100.23564,13.48447],[100.12236,13.43955],[100.01748,13.35317],[99.99053,13.24346],[100.05107,13.17124],[100.08994,13.04565],[99.98203,12.77148],[99.96396,12.69004],[100.00566,12.35474],[99.98906,12.1708],[99.93027,12.04746],[99.83711,11.93662],[99.79873,11.74878],[99.72549,11.66177],[99.62734,11.46289],[99.56133,11.21519],[99.51436,11.10059],[99.48691,10.88955],[99.28477,10.56914],[99.2373,10.38813],[99.16504,10.31982],[99.19033,10.26587],[99.19463,10.17544],[99.16934,9.93418],[99.16074,9.73403],[99.19131,9.62715],[99.28828,9.4146],[99.26504,9.35298],[99.25391,9.26523],[99.33545,9.22544],[99.39385,9.21372],[99.72383,9.31421],[99.83555,9.28838],[99.87754,9.19463],[99.90469,9.11289],[99.96064,8.67124],[99.98955,8.58921],[100.05625,8.51113],[100.1293,8.42808],[100.1541,8.44297],[100.15889,8.47378],[100.16348,8.5084],[100.22871,8.42471],[100.27939,8.26851],[100.45352,7.44229],[100.50371,7.3373],[100.54521,7.2269],[100.43936,7.28076],[100.41074,7.46431],[100.38037,7.5415],[100.34297,7.55288],[100.28379,7.55151],[100.27998,7.58433],[100.32432,7.64419],[100.31738,7.71597],[100.25664,7.7749],[100.1582,7.72812],[100.16074,7.59927],[100.20488,7.50054],[100.37139,7.28013],[100.42354,7.18784],[100.48975,7.16138],[100.58623,7.17598],[100.70166,7.08198],[100.79258,6.99468],[101.01787,6.86094],[101.15439,6.87515],[101.30195,6.9083],[101.40088,6.89956],[101.49795,6.86528],[101.61426,6.75396],[101.79922,6.47461],[102.10107,6.24224],[102.27402,6.20342],[102.34014,6.17202],[102.53438,5.86255],[102.79023,5.64492],[102.89854,5.56377],[102.98242,5.52495],[103.09707,5.40845],[103.19697,5.26216],[103.41582,4.85029],[103.45391,4.66948],[103.46875,4.39326],[103.42051,3.97686],[103.36201,3.76914],[103.37334,3.67109],[103.45352,3.52061],[103.42949,3.37856],[103.44502,3.2606],[103.43945,2.93311],[103.48516,2.83657],[103.5373,2.77476],[103.81221,2.58047],[103.83232,2.5085],[103.96777,2.26123],[104.21855,1.72285],[104.28848,1.48066],[104.28037,1.41558],[104.2501,1.38857],[104.17637,1.36489],[104.11494,1.41226],[104.09424,1.44619],[104.10059,1.48833],[104.07617,1.52979],[104.01602,1.5793],[103.98145,1.62363],[103.99121,1.55005],[103.9915,1.45479],[103.91514,1.44668],[103.8168,1.47656],[103.69453,1.44966],[103.5498,1.33281],[103.48027,1.32949],[103.42734,1.42983],[103.4,1.49785],[103.35684,1.54614],[102.89688,1.79233],[102.72715,1.85557],[102.54824,2.04238],[102.14561,2.24849],[101.88994,2.44941],[101.78125,2.57358],[101.51973,2.68364],[101.40684,2.81348],[101.35137,2.83896],[101.29551,2.88521],[101.3543,3.01113],[101.33018,3.14248],[101.2999,3.25327],[101.11543,3.47202],[101.0248,3.62471],[100.85127,3.77671],[100.78184,3.86445],[100.71543,3.96621],[100.75703,4.00181],[100.79551,4.02339],[100.76025,4.09722],[100.66104,4.22573],[100.61455,4.37344],[100.61455,4.65225],[100.47344,5.04429],[100.35264,5.5877],[100.37402,5.77798],[100.34326,5.98418],[100.26328,6.18252],[100.1584,6.32422],[100.11914,6.44199],[99.86865,6.7499],[99.696,6.87666],[99.72031,7.1062],[99.66777,7.15088],[99.60244,7.15532],[99.55303,7.2188],[99.59697,7.35562],[99.5291,7.32949],[99.43516,7.33437],[99.35859,7.37222],[99.30039,7.56133],[99.26367,7.61904],[99.1834,7.71807],[99.07764,7.71807],[99.04268,7.76562],[99.05107,7.88784],[98.97393,7.96279],[98.87246,8.02393],[98.78867,8.05981],[98.70352,8.25674],[98.63633,8.30503],[98.5792,8.34429],[98.4998,8.31782],[98.47402,8.24692],[98.421,8.17822],[98.36074,8.18696],[98.30547,8.22622],[98.23818,8.4231],[98.22695,8.54365],[98.2418,8.76787],[98.32598,8.96895],[98.37139,9.29053],[98.44316,9.49282],[98.49297,9.56143],[98.56191,9.8375],[98.70254,10.19038],[98.65801,10.17905],[98.5626,10.03496],[98.52129,10.10723],[98.49687,10.18252],[98.52305,10.35312],[98.46494,10.67583],[98.50098,10.71895],[98.53564,10.74067],[98.59883,10.8644],[98.67559,10.98691],[98.68262,11.13311],[98.74473,11.24038],[98.73008,11.32998],[98.7333,11.43525],[98.74639,11.52129],[98.74141,11.5917],[98.79072,11.66509],[98.87598,11.71973],[98.84023,11.73926],[98.80479,11.77925],[98.69365,11.71836],[98.63633,11.73838],[98.6249,11.80146],[98.63906,11.86914],[98.64492,11.9103],[98.68945,11.95674],[98.68633,12.04712],[98.66387,12.12671],[98.69629,12.22524],[98.63057,12.22549],[98.60029,12.24531],[98.61914,12.3],[98.67871,12.34849],[98.62441,12.44072],[98.66465,12.53994],[98.66318,12.6624],[98.63564,12.77051],[98.63711,12.84824],[98.59512,12.98604],[98.57598,13.16191],[98.48711,13.29307],[98.42129,13.48379],[98.24541,13.7335],[98.24844,13.84038],[98.23896,13.93447],[98.20039,13.98018],[98.14951,13.64761],[98.11064,13.71289],[98.09824,13.89834],[98.07266,13.98647],[98.1002,14.16152],[97.99844,14.3353],[97.97656,14.46147],[97.90977,14.65269],[97.9293,14.69556],[98.01875,14.65259],[97.93652,14.76392],[97.86914,14.73872],[97.8123,14.85894],[97.7998,15.18491],[97.74375,15.30679],[97.77422,15.43096],[97.71035,15.87554],[97.58428,16.01958],[97.60928,16.14385],[97.64062,16.25386],[97.63369,16.45767],[97.66465,16.52046],[97.72598,16.56855],[97.66846,16.55161],[97.61963,16.53721],[97.50508,16.52529],[97.37588,16.52295],[97.33105,16.67178],[97.26748,16.74312],[97.21172,16.89258],[97.17832,17.06201],[97.2002,17.09541],[97.1002,17.16455],[97.07451,17.20693],[96.97012,17.31733],[96.85146,17.40103],[96.87773,17.34219],[96.90977,17.30483],[96.85088,17.20293],[96.90859,17.03096],[96.85801,16.92119],[96.81064,16.77837],[96.76543,16.71035],[96.62246,16.56392],[96.50664,16.51436],[96.43115,16.50493],[96.36436,16.52051],[96.28223,16.596],[96.26211,16.65913],[96.24893,16.76533],[96.22031,16.78057],[96.18906,16.76831],[96.2377,16.63125],[96.23672,16.56743],[96.32432,16.44443],[96.29307,16.41006],[96.13506,16.34253],[96.08096,16.35337],[96.04287,16.33994],[96.03213,16.28462],[96.0123,16.25371],[95.76328,16.16904],[95.71143,16.07339],[95.67949,15.97676],[95.55566,15.83784],[95.38955,15.72275],[95.34844,15.7293],[95.30146,15.75615],[95.30781,15.88042],[95.36475,15.98545],[95.34678,16.09761],[95.33301,16.03325],[95.22588,15.87681],[95.17695,15.82568],[95.07832,15.83916],[94.94258,15.81826],[94.89121,15.9791],[94.89219,16.03818],[94.88223,16.08794],[94.89785,16.14082],[94.89316,16.18281],[94.86016,16.10244],[94.84775,16.03286],[94.79814,15.97109],[94.66152,15.90439],[94.65625,15.98877],[94.65137,16.06484],[94.68076,16.1333],[94.67656,16.24204],[94.71992,16.39873],[94.7166,16.45249],[94.70332,16.51191],[94.679,16.42559],[94.66523,16.33613],[94.6377,16.30908],[94.5875,16.28882],[94.4957,16.18613],[94.4416,16.09438],[94.29902,16.00762],[94.22383,16.01646],[94.21426,16.12661],[94.27129,16.51729],[94.32734,16.57217],[94.35342,16.63994],[94.4,16.86816],[94.45244,16.95449],[94.47314,17.13545],[94.49434,17.16655],[94.56445,17.30854],[94.58896,17.56934],[94.56006,17.69897],[94.49434,17.82461],[94.43076,18.20166],[94.26582,18.50723],[94.25215,18.60918],[94.1707,18.73242],[94.2457,18.74116],[94.09131,18.84922],[94.07002,18.89341],[94.03896,19.14619],[94.04492,19.2874],[94.02246,19.2688],[94.00156,19.18179],[93.94102,19.14609],[93.96807,18.99507],[93.96133,18.9584],[93.9292,18.89966],[93.8001,18.9606],[93.70547,19.0269],[93.59814,19.18848],[93.49307,19.36948],[93.53057,19.39756],[93.57861,19.40117],[93.72803,19.2665],[93.8249,19.23848],[93.88613,19.27192],[93.96201,19.32935],[93.99814,19.44087],[93.96074,19.48169],[93.88789,19.50391],[93.83955,19.53413],[93.76992,19.60957],[93.76104,19.64805],[93.73955,19.69727],[93.66875,19.73198],[93.61172,19.77607],[93.65986,19.85415],[93.70703,19.91216],[93.58184,19.90957],[93.43906,20.00942],[93.40957,20.03833],[93.3623,20.0583],[93.25,20.07012],[93.15664,20.04077],[93.19902,19.89834],[93.19063,19.85122],[93.12949,19.85801],[93.00195,20.07485],[93.04033,20.12979],[93.09551,20.18135],[93.06836,20.18867],[93.01514,20.18525],[93.0668,20.37764],[93.03535,20.40615],[93.01875,20.34604],[92.99072,20.28799],[92.88213,20.15215],[92.82832,20.17759],[92.79121,20.21143],[92.84355,20.28262],[92.87168,20.30176],[92.89111,20.34033],[92.85068,20.41484],[92.78691,20.46904],[92.73564,20.5627],[92.70898,20.56396],[92.73262,20.45337],[92.72285,20.29561],[92.60801,20.46987],[92.37832,20.71758],[92.32412,20.79185],[92.30781,20.79043],[92.24814,20.88359],[92.19463,20.98428],[92.05605,21.1748],[92.01094,21.51626],[92.00801,21.68477],[91.91318,21.88306],[91.85,22.15737],[91.8248,22.22866],[91.85781,22.31733],[91.86338,22.35049],[91.84541,22.34312],[91.79707,22.29746],[91.73408,22.40669],[91.69297,22.50479],[91.52969,22.70767],[91.48213,22.79741],[91.48008,22.88481],[91.40957,22.79702],[91.31377,22.73516],[91.21621,22.64224],[91.15137,22.61406],[90.94561,22.59702],[90.82676,22.72139],[90.65625,23.02549],[90.63359,23.09424],[90.65605,23.27305],[90.61563,23.44233],[90.61611,23.53164],[90.604,23.59136],[90.57344,23.57812],[90.56162,23.53711],[90.56807,23.47427],[90.55566,23.42153],[90.40801,23.43188],[90.26914,23.45586],[90.3915,23.36694],[90.52275,23.34614],[90.59092,23.26641],[90.59922,23.20415],[90.59512,23.13394],[90.52773,23.08496],[90.46602,23.05391],[90.47754,22.98677],[90.55225,22.90488],[90.46162,22.88179],[90.43691,22.82817],[90.43506,22.7519],[90.48066,22.68467],[90.49844,22.63481],[90.4874,22.58872],[90.53174,22.53931],[90.59551,22.43584],[90.61611,22.36216],[90.58945,22.25845],[90.55283,22.21816],[90.49414,22.17891],[90.35576,22.04824],[90.28818,21.89941],[90.23057,21.82979],[90.15879,21.81685],[90.13076,21.84741],[90.07119,21.88726],[90.07002,21.95991],[90.08789,22.01748],[90.20957,22.15659],[90.14346,22.13789],[90.06855,22.09819],[89.9542,22.02285],[89.91807,22.11616],[89.89404,22.20259],[89.89385,22.3084],[89.98516,22.46641],[89.88184,22.3876],[89.85322,22.28896],[89.86582,22.17305],[89.85254,22.09092],[89.81191,21.9835],[89.75684,21.91904],[89.66777,21.87769],[89.62813,21.81416],[89.56855,21.76743],[89.5666,21.8606],[89.54746,21.98369],[89.4832,22.27554],[89.46934,22.21294],[89.50254,22.03188],[89.50059,21.91436],[89.45195,21.82109],[89.35371,21.72109],[89.27861,21.70698],[89.23428,21.72236],[89.16709,21.78428],[89.09395,21.87275],[89.08164,22.01494],[89.05146,22.09316],[89.02793,21.93721],[88.94932,21.93794],[89.01963,21.83364],[89.04199,21.75869],[89.05166,21.6541],[88.96709,21.64136],[88.90742,21.65308],[88.85752,21.74468],[88.83438,21.66138],[88.74502,21.58437],[88.71299,21.62197],[88.69473,21.6624],[88.69121,21.7335],[88.74023,22.00542],[88.73027,22.03608],[88.7083,22.05615],[88.65957,22.06694],[88.6416,22.12197],[88.5668,21.83213],[88.5998,21.71377],[88.58467,21.65972],[88.446,21.61426],[88.30547,21.72334],[88.2875,21.7582],[88.2792,21.69687],[88.25371,21.62231],[88.12207,21.63579],[88.05684,21.69414],[88.09941,21.79355],[88.18105,22.03291],[88.19629,22.13955],[88.08711,22.21772],[87.99443,22.26567],[87.94141,22.37432],[87.96162,22.25503],[88.01074,22.21265],[88.08301,22.18271],[88.15928,22.12173],[88.1041,22.04736],[88.05078,22.00107],[87.94844,21.82544],[87.82373,21.72734],[87.67822,21.65352],[87.20068,21.54487],[87.10068,21.50078],[86.9541,21.36533],[86.85957,21.23672],[86.84229,21.10635],[86.8958,20.96558],[86.93936,20.74507],[86.97549,20.70015],[86.92451,20.61978],[86.83594,20.53433],[86.7625,20.41914],[86.76924,20.35591],[86.75039,20.31323],[86.49873,20.17163],[86.4458,20.08892],[86.37656,20.00674],[86.29365,20.05376],[86.24521,20.05303],[86.31191,19.98779],[86.30293,19.94468],[86.27949,19.91943],[86.21621,19.8958],[85.85293,19.79175],[85.575,19.69292],[85.49687,19.69692],[85.51113,19.7269],[85.55977,19.75347],[85.55508,19.86689],[85.5041,19.8877],[85.45996,19.8959],[85.24863,19.75767],[85.16279,19.6209],[85.18076,19.59487],[85.22852,19.60132],[85.3709,19.67891],[85.43691,19.65688],[85.4416,19.62656],[85.22559,19.50835],[84.771,19.12539],[84.7498,19.0501],[84.69082,18.9647],[84.60938,18.88433],[84.46279,18.68975],[84.18174,18.40059],[84.1041,18.29268],[83.6543,18.06987],[83.57227,18.00361],[83.38799,17.78667],[83.19834,17.60898],[82.97686,17.46182],[82.59316,17.27393],[82.35957,17.09619],[82.28652,16.97808],[82.28193,16.93608],[82.30723,16.87856],[82.35,16.8252],[82.35977,16.78281],[82.33867,16.70654],[82.32715,16.66436],[82.25879,16.55986],[82.1415,16.48535],[81.76191,16.32949],[81.71172,16.33447],[81.40186,16.36523],[81.28613,16.33706],[81.23857,16.26396],[81.13213,15.96177],[81.03008,15.88145],[80.99346,15.80874],[80.97871,15.75835],[80.91777,15.75967],[80.86475,15.78223],[80.82598,15.76592],[80.78184,15.86733],[80.70781,15.88809],[80.64658,15.89502],[80.38486,15.79277],[80.29346,15.71074],[80.10107,15.32363],[80.05342,15.07402],[80.09863,14.79824],[80.16543,14.57783],[80.17871,14.47832],[80.17012,14.34941],[80.13623,14.28657],[80.11172,14.21221],[80.14365,14.05894],[80.22441,13.8582],[80.24414,13.77349],[80.2458,13.68584],[80.30654,13.48506],[80.26562,13.52129],[80.2334,13.60576],[80.15625,13.71377],[80.06211,13.60625],[80.11426,13.52871],[80.29033,13.43672],[80.34238,13.36133],[80.2291,12.69033],[80.14307,12.452],[80.0375,12.2958],[79.98174,12.23545],[79.8585,11.98877],[79.77139,11.69023],[79.7541,11.57529],[79.79336,11.44668],[79.74893,11.37061],[79.69316,11.31255],[79.79902,11.33867],[79.83525,11.26885],[79.84863,11.19687],[79.8502,10.76885],[79.83818,10.32256],[79.75693,10.30435],[79.66738,10.29971],[79.58857,10.31235],[79.53164,10.32964],[79.39053,10.30596],[79.31455,10.25669],[79.25361,10.1748],[79.25781,10.03521],[78.99629,9.68311],[78.93994,9.56577],[78.91914,9.45288],[78.95312,9.3938],[79.01992,9.33335],[79.10703,9.30894],[79.27549,9.28462],[79.35635,9.25215],[79.41143,9.19238],[79.21289,9.25601],[78.97959,9.26855],[78.42148,9.10503],[78.27451,8.99019],[78.19248,8.89087],[78.13604,8.66338],[78.12637,8.51133],[78.06016,8.38457],[77.77031,8.18984],[77.58721,8.12988],[77.51758,8.07832],[77.30146,8.14531],[77.06592,8.31592],[76.96689,8.40728],[76.61729,8.84707],[76.55342,8.90278],[76.48291,9.09077],[76.47178,9.16084],[76.45234,9.18877],[76.41904,9.20781],[76.40312,9.23682],[76.32461,9.4521],[76.29238,9.67646],[76.24238,9.9271],[76.28467,9.90986],[76.34307,9.82734],[76.37227,9.70737],[76.37559,9.53989],[76.41953,9.52046],[76.45879,9.53623],[76.34648,9.92212],[76.24873,10.01797],[76.22275,10.02427],[76.19561,10.08613],[76.19268,10.16377],[76.20146,10.20063],[76.12334,10.327],[76.09609,10.40225],[75.92256,10.78408],[75.84463,11.05757],[75.72383,11.36177],[75.64609,11.46841],[75.52451,11.70312],[75.42266,11.81221],[75.31465,11.95845],[75.22979,12.02334],[75.19668,12.05752],[74.94551,12.56455],[74.86826,12.84458],[74.80293,12.97686],[74.77051,13.07734],[74.68232,13.50693],[74.68164,13.58374],[74.6709,13.66763],[74.6085,13.84966],[74.49854,14.04634],[74.4667,14.16885],[74.46699,14.2165],[74.39717,14.40742],[74.38223,14.49473],[74.33506,14.57544],[74.28037,14.64951],[74.22305,14.70889],[74.08877,14.9022],[74.04063,14.94937],[73.94922,15.07476],[73.88428,15.30645],[73.80078,15.39697],[73.93193,15.39697],[73.85195,15.48247],[73.81387,15.53857],[73.77178,15.57305],[73.83281,15.65937],[73.73281,15.65693],[73.67988,15.70889],[73.60771,15.87109],[73.47607,16.05425],[73.45371,16.1521],[73.3376,16.45986],[73.23916,17.19854],[73.14902,17.52744],[73.15605,17.62192],[73.04717,17.90674],[72.99395,18.09771],[72.97207,18.25928],[72.94316,18.36562],[72.91719,18.57612],[72.87549,18.64282],[72.8709,18.68306],[72.89873,18.77896],[72.97686,18.9272],[73.00557,19.02109],[72.97207,19.15332],[72.90068,19.0145],[72.83467,18.97559],[72.80303,19.0793],[72.80273,19.21875],[72.79453,19.2521],[72.81162,19.29893],[72.98721,19.27744],[72.78789,19.36299],[72.76396,19.41318],[72.75645,19.45054],[72.79941,19.51982],[72.72656,19.57827],[72.69746,19.75713],[72.67598,19.79795],[72.66777,19.83096],[72.70898,20.07803],[72.88115,20.56318],[72.89375,20.67275],[72.87891,20.82852],[72.84053,20.95249],[72.82432,21.08359],[72.81387,21.11719],[72.75156,21.12915],[72.69238,21.17764],[72.62383,21.37197],[72.68652,21.43574],[72.73477,21.4708],[72.66836,21.45591],[72.61328,21.46182],[72.71758,21.55127],[72.81055,21.61992],[73.02246,21.69961],[73.1125,21.75044],[72.9791,21.70469],[72.83975,21.68726],[72.54307,21.69658],[72.59248,21.87759],[72.64404,21.93799],[72.7002,21.97192],[72.61748,21.96172],[72.52227,21.97622],[72.55303,22.15996],[72.62793,22.19961],[72.70879,22.20718],[72.80918,22.2333],[72.70195,22.26362],[72.59014,22.27813],[72.45596,22.2481],[72.33262,22.27021],[72.18281,22.26973],[72.24258,22.24517],[72.30645,22.18921],[72.27441,22.08975],[72.24434,22.02764],[72.16172,21.98481],[72.09443,21.91997],[72.07559,21.86299],[72.03721,21.82305],[72.10293,21.79458],[72.1709,21.77432],[72.21035,21.72822],[72.25664,21.66123],[72.254,21.53101],[72.07656,21.22407],[72.01523,21.15571],[71.57109,20.97056],[71.39648,20.86978],[71.02461,20.73887],[70.87969,20.7145],[70.71934,20.74043],[70.48506,20.84019],[70.12734,21.09468],[70.03438,21.17881],[69.74844,21.50571],[69.54199,21.67856],[69.38545,21.83955],[69.1917,21.9915],[69.00879,22.19678],[68.96992,22.29028],[68.9835,22.3854],[69.05166,22.4373],[69.13135,22.41626],[69.19424,22.33608],[69.23887,22.3002],[69.27656,22.2855],[69.54922,22.4084],[69.65518,22.40352],[69.72754,22.46519],[69.81904,22.45176],[70.00586,22.54771],[70.08418,22.55352],[70.17725,22.57275],[70.32773,22.81577],[70.44043,22.97031],[70.51348,23.00249],[70.50938,23.04014],[70.48926,23.0895],[70.43457,23.0771],[70.39629,23.03013],[70.36797,22.97349],[70.33945,22.93975],[70.25117,22.9709],[70.1917,22.96567],[70.11826,22.94702],[69.8498,22.85645],[69.73965,22.7752],[69.66465,22.75908],[69.23594,22.84854],[68.81709,23.05371],[68.64072,23.18994],[68.5292,23.36406],[68.41748,23.57148],[68.45381,23.62949],[68.62715,23.75415],[68.77676,23.8521],[68.64238,23.8085],[68.49688,23.748],[68.4249,23.70557],[68.34336,23.61685],[68.23496,23.59697],[68.19199,23.72891],[68.16504,23.85732],[68.14883,23.79722],[68.11553,23.75337],[68.06777,23.81836],[68.03701,23.84824],[68.00146,23.82607],[67.95098,23.82861],[67.85996,23.90269],[67.81904,23.82808],[67.66846,23.81099],[67.64951,23.86729],[67.6458,23.91987],[67.56309,23.88184],[67.50361,23.94004],[67.47686,24.01826],[67.45391,24.03989],[67.42764,24.06484],[67.36523,24.0916],[67.30938,24.1748],[67.3043,24.26289],[67.28867,24.36777],[67.17148,24.7561],[67.10059,24.79194],[66.70303,24.86094],[66.68223,24.92886],[66.70986,25.11133],[66.69863,25.22632],[66.56992,25.37852],[66.53389,25.48438],[66.42861,25.57534],[66.32422,25.60181],[66.21904,25.58989],[66.1623,25.55391],[66.13115,25.49326],[66.35645,25.50737],[66.40713,25.48506],[66.46768,25.44531],[66.40293,25.44683],[66.32832,25.46577],[66.23467,25.46436],[65.88359,25.41963],[65.67969,25.35527],[65.40625,25.37432],[65.06133,25.31108],[64.77666,25.30732],[64.65898,25.18408],[64.59404,25.2063],[64.54375,25.23667],[64.15205,25.33345],[64.1249,25.37393],[64.05938,25.40293],[63.9873,25.35117],[63.93555,25.34253],[63.7209,25.38589],[63.55664,25.35317],[63.4957,25.29751],[63.49141,25.21084],[63.28574,25.22759],[63.17002,25.25488],[63.01504,25.22466],[62.66475,25.26479],[62.57246,25.25474],[62.44473,25.19727],[62.39121,25.15254],[62.31533,25.13491],[62.24873,25.19736],[62.19863,25.22485],[62.15215,25.20664],[62.08945,25.15532],[61.90791,25.1313],[61.74365,25.13818],[61.53311,25.19551],[61.49033,25.15366],[61.41221,25.1021],[61.24297,25.14199],[61.10859,25.18389],[60.66387,25.28223],[60.61514,25.32983],[60.5875,25.41353],[60.51055,25.43706],[60.4002,25.31157],[60.02471,25.38413],[59.89707,25.36182],[59.81836,25.40088],[59.61602,25.40327],[59.45605,25.48149],[59.22725,25.42773],[59.04609,25.41729],[58.79785,25.55459],[58.53086,25.59243],[58.31426,25.58086],[58.20293,25.5916],[58.02236,25.64082],[57.93662,25.69165],[57.79609,25.65303],[57.73252,25.7249],[57.33457,25.79155],[57.26094,25.91885],[57.20557,26.03721],[57.20137,26.15884],[57.1043,26.37144],[57.07197,26.68008],[57.03604,26.80068],[56.98223,26.90547],[56.91045,26.99458],[56.81289,27.08999],[56.72813,27.12769],[56.35615,27.20024],[56.28438,27.19062],[56.11807,27.14312],[55.94111,27.0376],[55.65029,26.97754],[55.5916,26.93213],[55.51855,26.82993],[55.42402,26.77056],[55.29414,26.78594],[55.15459,26.72539],[54.8958,26.55669],[54.75928,26.50508],[54.64492,26.50894],[54.52207,26.58916],[54.24707,26.69663],[54.06934,26.73237],[53.82256,26.70771],[53.70576,26.72559],[53.50713,26.85176],[53.45498,26.94326],[53.3417,27.00449],[52.98252,27.14194],[52.6916,27.32339],[52.63818,27.39199],[52.60264,27.49336],[52.47588,27.6165],[52.19189,27.71729],[52.03076,27.82441],[51.84199,27.84824],[51.66631,27.84497],[51.58906,27.86421],[51.51855,27.91001],[51.27891,28.13135],[51.27607,28.21885],[51.12842,28.43516],[51.09385,28.51211],[51.06201,28.72612],[51.02119,28.78208],[50.86699,28.87017],[50.84297,28.92783],[50.87578,29.00439],[50.87578,29.0627],[50.79551,29.11743],[50.6752,29.14658],[50.64609,29.21221],[50.66797,29.33984],[50.64961,29.42007],[50.54355,29.548],[50.38691,29.67905],[50.23018,29.8729],[50.16895,29.92124],[50.12891,30.0481],[50.07158,30.19854],[49.98311,30.20937],[49.55488,30.02896],[49.42998,30.13047],[49.0543,30.30693],[49.02813,30.33345],[49.00195,30.37393],[49.04902,30.39727],[49.09619,30.40679],[49.19033,30.37539],[49.24727,30.4125],[49.22451,30.47231],[49.13037,30.50942],[49.00195,30.50654],[49.03711,30.45049],[48.9168,30.39727],[48.89121,30.32764],[48.90869,30.24146],[48.91914,30.1209],[48.87012,30.0624],[48.83242,30.0355],[48.6709,30.02832],[48.59551,29.97505],[48.54648,29.96235],[48.4542,29.93848],[48.35459,29.95674],[48.1417,30.04092],[48.07275,30.04321],[47.98252,30.01133],[47.97871,29.98281],[47.97363,29.9459],[48.00566,29.83579],[48.07734,29.71558],[48.13613,29.61812],[48.14346,29.57246],[48.08945,29.5791],[48.04834,29.59751],[47.96963,29.6167],[47.81748,29.4874],[47.72529,29.41694],[47.72266,29.39302],[47.84531,29.36572],[47.93535,29.3666],[47.99814,29.38555],[48.05146,29.35537],[48.08633,29.27549],[48.10039,29.21074],[48.18379,28.97939],[48.25293,28.90127],[48.33926,28.76328],[48.37129,28.69185],[48.38965,28.63159],[48.44248,28.54292],[48.49854,28.44888],[48.52305,28.35503],[48.62637,28.13257],[48.77373,27.95908],[48.80898,27.8959],[48.83281,27.80068],[48.80723,27.76528],[48.79717,27.72432],[48.90645,27.62905],[49.08691,27.54858],[49.15752,27.52822],[49.2375,27.49272],[49.1751,27.43765],[49.28154,27.3105],[49.40527,27.18096],[49.5377,27.15176],[49.7165,26.95586],[49.98613,26.82891],[50.1498,26.66265],[50.13467,26.65952],[50.08662,26.67642],[50.02637,26.69922],[50.00811,26.67852],[50.01133,26.60879],[50.02734,26.52686],[50.11074,26.45596],[50.18496,26.40493],[50.21387,26.3085],[50.15547,26.10054],[50.13525,26.10068],[50.096,26.1187],[50.05391,26.12285],[50.03164,26.11099],[50.08105,25.96138],[50.13027,25.84663],[50.18965,25.75581],[50.23896,25.62285],[50.28125,25.56611],[50.45518,25.4248],[50.5085,25.30669],[50.55791,25.08667],[50.66689,24.96382],[50.72559,24.86938],[50.80439,24.78926],[50.83594,24.85039],[50.84678,24.88857],[50.77734,25.17744],[50.75459,25.39927],[50.76289,25.44473],[50.80264,25.49707],[50.86865,25.6127],[50.90381,25.72407],[51.00313,25.98145],[51.10811,26.08057],[51.2623,26.15327],[51.38906,26.01113],[51.54307,25.90239],[51.57227,25.78101],[51.52695,25.68213],[51.48535,25.52471],[51.51025,25.45234],[51.51953,25.38975],[51.56143,25.28447],[51.60195,25.14795],[51.60889,25.05288],[51.58691,24.96484],[51.5334,24.89087],[51.42793,24.66826],[51.39648,24.64512],[51.26797,24.60723],[51.33848,24.56436],[51.41123,24.5708],[51.41836,24.53096],[51.36992,24.4769],[51.30986,24.34038],[51.39521,24.31885],[51.47676,24.3082],[51.53477,24.28633],[51.56836,24.28618],[51.60547,24.33843],[51.62314,24.30107],[51.66455,24.25044],[51.73477,24.26279],[51.76758,24.25439],[51.7917,24.07476],[51.84316,24.01089],[51.90605,23.98535],[52.11855,23.97109],[52.25088,23.99521],[52.51143,24.1125],[52.64824,24.15464],[53.02637,24.14731],[53.32959,24.09844],[53.80176,24.06948],[53.89336,24.07705],[54.14795,24.17119],[54.3043,24.2543],[54.39707,24.27817],[54.4584,24.35825],[54.49883,24.4627],[54.53467,24.53096],[54.58047,24.56353],[54.62412,24.62129],[54.65898,24.71553],[54.74678,24.81045],[55.09814,25.0416],[55.30352,25.23682],[55.32168,25.2998],[55.4334,25.39448],[55.52285,25.49814],[55.94121,25.79399],[56.0252,25.91602],[56.07461,26.05278],[56.08047,26.06265],[56.16445,26.20703],[56.19727,26.2292],[56.22842,26.21978],[56.30557,26.23521],[56.34648,26.31362],[56.37871,26.35635],[56.41309,26.35117],[56.42979,26.3272],[56.41777,26.20815],[56.41641,26.10874],[56.37363,25.80459],[56.3293,25.75195],[56.30723,25.70933],[56.29785,25.65068],[56.36348,25.56938],[56.37285,25.01831],[56.38799,24.9792],[56.48984,24.71636],[56.64062,24.47031],[56.77412,24.33457],[56.9125,24.1502],[57.12305,23.98071],[57.21982,23.92275],[57.61133,23.80366],[57.8251,23.75913],[58.12041,23.71655],[58.32451,23.62383],[58.39316,23.61816],[58.5,23.64565],[58.57803,23.64346],[58.77305,23.51719],[58.83037,23.39746],[58.91152,23.33418],[58.9834,23.23472],[59.02988,23.13057],[59.19473,22.97187],[59.31094,22.79336],[59.42939,22.66084],[59.53516,22.57852],[59.69561,22.54614],[59.82324,22.50898],[59.8375,22.42056],[59.82441,22.30518],[59.8,22.21992],[59.68086,22.05381],[59.65254,21.95137],[59.51758,21.78232],[59.37148,21.49883],[59.30449,21.43535],[59.06875,21.28906],[58.8957,21.11279],[58.69043,20.80713],[58.53418,20.50391],[58.47422,20.40688],[58.34873,20.38691],[58.26602,20.39546],[58.20898,20.42397],[58.23164,20.50684],[58.24502,20.59922],[58.16943,20.5895],[58.10293,20.57036],[57.94717,20.3436],[57.86182,20.24414],[57.84365,20.11772],[57.80215,19.95459],[57.74121,19.80449],[57.71416,19.67842],[57.71514,19.60693],[57.76084,19.43223],[57.76396,19.25332],[57.79033,19.14595],[57.81162,19.01709],[57.73848,18.97734],[57.67578,18.95786],[57.42793,18.9438],[57.17656,18.90259],[56.95723,18.82783],[56.82598,18.75352],[56.65508,18.58735],[56.55078,18.16597],[56.3835,17.98799],[56.27031,17.95078],[55.99766,17.93521],[55.61387,17.88608],[55.4791,17.84326],[55.25537,17.58564],[55.23818,17.50474],[55.28145,17.44624],[55.29561,17.38159],[55.2752,17.3209],[55.17373,17.15762],[55.06416,17.03892],[54.77188,16.96465],[54.66465,17.00889],[54.5665,17.03125],[54.37695,17.03364],[54.06816,17.00552],[53.95439,16.91782],[53.77539,16.85571],[53.60986,16.75996],[53.29775,16.72334],[53.08564,16.64839],[52.58145,16.47036],[52.44844,16.39126],[52.32773,16.29355],[52.2373,16.17139],[52.17402,15.95684],[52.22207,15.7606],[52.21748,15.65552],[52.0873,15.58594],[51.96582,15.53569],[51.83076,15.45928],[51.74863,15.44014],[51.68154,15.3791],[51.60371,15.33682],[51.32246,15.22627],[51.01514,15.14077],[50.52705,15.03818],[50.33857,14.9272],[50.16689,14.85103],[49.90635,14.82812],[49.54863,14.72241],[49.3499,14.63779],[49.10293,14.50005],[49.04805,14.45645],[49.00469,14.35503],[48.92871,14.26748],[48.77998,14.12388],[48.66836,14.05015],[48.59375,14.04624],[48.44902,14.00591],[48.27783,13.99766],[47.98994,14.0481],[47.91602,14.01284],[47.85508,13.95693],[47.6334,13.85845],[47.40771,13.66162],[47.24258,13.60938],[46.97568,13.54746],[46.78887,13.46558],[46.66348,13.43271],[46.50195,13.41558],[46.20312,13.42383],[45.91973,13.39429],[45.65732,13.33872],[45.53398,13.2335],[45.39355,13.06704],[45.16387,12.99829],[45.10977,12.93857],[45.03867,12.81587],[44.88984,12.78418],[44.75527,12.76377],[44.61777,12.81724],[44.3585,12.66914],[44.26035,12.64463],[44.11152,12.63867],[44.00586,12.60767],[43.92979,12.6165],[43.83535,12.67441],[43.63438,12.74448],[43.4876,12.69883],[43.47529,12.83901],[43.23193,13.26709],[43.28262,13.63984],[43.28242,13.69253],[43.23408,13.85894],[43.08906,14.01099],[43.09336,14.20366],[43.04482,14.34155],[43.00625,14.48311],[43.01875,14.5208],[43.02109,14.55488],[42.94697,14.77314],[42.92217,14.81738],[42.91299,14.86309],[42.9373,14.89805],[42.93643,14.93857],[42.89707,15.00557],[42.85566,15.13296],[42.65781,15.23281],[42.69785,15.32632],[42.73643,15.29355],[42.78848,15.26572],[42.79902,15.32627],[42.7999,15.37163],[42.71719,15.65464],[42.83965,16.03203],[42.79932,16.37178],[42.78984,16.45156],[42.73066,16.56982],[42.72637,16.65332],[42.69883,16.73696],[42.64746,16.80137],[42.55293,16.86846],[42.54414,16.95967],[42.475,17.04985],[42.3833,17.12246],[42.33242,17.25664],[42.29395,17.43496],[42.05225,17.66934],[41.75,17.88574],[41.65801,18.00767],[41.50762,18.2561],[41.43174,18.45244],[41.22949,18.67842],[41.2208,18.76523],[41.19082,18.87119],[41.14414,18.98906],[41.11602,19.08218],[40.91328,19.49014],[40.84785,19.55527],[40.7916,19.64639],[40.77705,19.71689],[40.75918,19.75547],[40.61592,19.82236],[40.48223,19.99346],[40.08066,20.26592],[39.88408,20.29297],[39.72832,20.39033],[39.61367,20.51768],[39.49121,20.73701],[39.27607,20.97397],[39.09355,21.31035],[39.15068,21.43276],[39.14707,21.51899],[39.09102,21.66396],[39.02979,21.77598],[38.98789,21.88174],[39.02119,22.03345],[39.03398,22.20337],[39.06992,22.29365],[39.0959,22.39277],[39.06201,22.59219],[39.00137,22.69897],[39.00742,22.77007],[38.93877,22.80479],[38.88291,22.88203],[38.94111,22.88184],[38.83555,22.98906],[38.79688,23.04858],[38.75703,23.19429],[38.70605,23.30552],[38.54229,23.55791],[38.46416,23.71187],[38.28887,23.91099],[38.09863,24.05801],[37.97783,24.12456],[37.91973,24.1854],[37.821,24.1875],[37.71338,24.27441],[37.63818,24.27773],[37.54307,24.29165],[37.43096,24.45903],[37.33848,24.61582],[37.18086,24.82002],[37.22041,24.87334],[37.26631,24.96006],[37.24346,25.07344],[37.21836,25.15068],[37.14883,25.29111],[36.9207,25.64116],[36.86016,25.69248],[36.7627,25.75132],[36.70254,25.90288],[36.6752,26.03887],[36.51875,26.10488],[36.24961,26.59478],[36.09375,26.76582],[36.03203,26.88101],[35.85166,27.07046],[35.76299,27.25879],[35.58135,27.43247],[35.42383,27.73379],[35.18047,28.03486],[35.07832,28.08701],[34.82754,28.10859],[34.72207,28.13066],[34.625,28.0645],[34.61621,28.14834],[34.6833,28.26411],[34.77988,28.50732],[34.79912,28.72051],[34.95078,29.35352],[34.98223,29.48447],[34.97344,29.55503],[34.9043,29.47734],[34.84854,29.43213],[34.73643,29.27061],[34.61719,28.75791],[34.44648,28.35732],[34.42715,28.10649],[34.39971,28.01602],[34.31855,27.88896],[34.22012,27.76431],[34.04512,27.82886],[33.76025,28.04766],[33.59414,28.25557],[33.41611,28.38984],[33.24775,28.56772],[33.20195,28.6957],[33.20371,28.77778],[33.13018,28.97827],[33.07578,29.07305],[32.87061,29.28623],[32.81172,29.4],[32.7667,29.45],[32.72148,29.52178],[32.64717,29.79844],[32.56572,29.97397],[32.47305,29.92544],[32.48945,29.85151],[32.40859,29.74932],[32.35977,29.63066],[32.39727,29.53379],[32.56504,29.38633],[32.59902,29.32192],[32.63809,29.18218],[32.63184,28.99224],[32.65889,28.92773],[32.78447,28.78662],[32.82949,28.70288],[32.85654,28.63062],[32.89824,28.56523],[33.02285,28.44229],[33.20215,28.2083],[33.37227,28.05059],[33.49492,27.97446],[33.54707,27.89814],[33.55879,27.70122],[33.5498,27.60737],[33.65742,27.43057],[33.69727,27.34111],[33.80166,27.26816],[33.84932,27.18491],[33.89307,27.04946],[33.95908,26.64902],[34.04951,26.55073],[34.3293,26.02437],[34.56514,25.69116],[34.6793,25.44253],[34.85322,25.13979],[35.19414,24.47515],[35.39707,24.26997],[35.47783,24.15479],[35.62471,24.06602],[35.78389,23.93779],[35.63203,23.95034],[35.59385,23.94258],[35.54082,23.92065],[35.51523,23.84287],[35.50439,23.7793],[35.52275,23.44253],[35.56436,23.27109],[35.69785,22.94619],[35.79736,22.84873],[35.8458,22.78569],[35.91338,22.73965],[36.22969,22.62881],[36.41455,22.39419],[36.82969,22.09766],[36.87041,22.01577],[36.87139,21.99673],[36.88262,21.7688],[36.92695,21.58652],[37.08115,21.32603],[37.21172,21.18584],[37.25859,21.10854],[37.26318,21.07266],[37.25723,21.0394],[37.21748,21.07764],[37.15059,21.10376],[37.14111,20.98179],[37.15684,20.89492],[37.17266,20.73198],[37.22754,20.55674],[37.18789,20.39492],[37.19316,20.1207],[37.2626,19.79189],[37.24844,19.58188],[37.36152,19.09199],[37.47129,18.82012],[37.53164,18.75312],[37.59941,18.71743],[37.72979,18.69434],[37.92188,18.55591],[38.07402,18.40977],[38.12813,18.3333],[38.20176,18.24941],[38.25215,18.2644],[38.28311,18.28672],[38.33291,18.21904],[38.57402,18.07295],[38.60947,18.00508],[38.91172,17.42715],[39.03447,17.08555],[39.14258,16.72915],[39.22256,16.1937],[39.29893,15.92109],[39.42227,15.78667],[39.50654,15.53213],[39.57881,15.52251],[39.63125,15.45254],[39.7208,15.21367],[39.78555,15.12485],[39.81943,15.20127],[39.81563,15.24531],[39.79033,15.31885],[39.81348,15.41357],[39.86377,15.47031],[39.97832,15.39312],[40.04102,15.33452],[40.05781,15.21709],[40.08408,15.15195],[40.2041,15.01411],[40.30527,14.97402],[40.43652,14.96396],[40.54629,14.93359],[40.63438,14.88301],[40.79932,14.74302],[41.17646,14.62031],[41.47969,14.2439],[41.6582,13.98306],[42.24512,13.58765],[42.34648,13.3981],[42.39932,13.2126],[42.52285,13.22148],[42.73447,13.0186],[42.79619,12.86426],[42.96953,12.80835],[42.99902,12.89951],[43.08291,12.82461],[43.1167,12.70859],[43.13086,12.66045],[43.29863,12.46387],[43.35352,12.36704],[43.40977,12.18994],[43.38027,12.09126],[43.33672,12.027],[43.27207,11.96953],[43.04805,11.82905],[42.79902,11.7394],[42.64004,11.56011],[42.52178,11.57217],[42.53975,11.5043],[42.58379,11.49678],[42.65273,11.50957],[42.78975,11.56172],[42.91152,11.58662],[43.04277,11.58848],[43.16172,11.56602],[43.246,11.4998],[43.44121,11.34644],[43.63115,11.03545],[43.85273,10.78428],[44.1582,10.55078],[44.2793,10.47187],[44.38652,10.43022],[44.94297,10.43672],[45.3377,10.64976],[45.6959,10.80391],[45.8167,10.83589],[46.02451,10.7937],[46.25391,10.7811],[46.46025,10.73418],[46.56504,10.746],[46.97344,10.92539],[47.23008,11.0999],[47.40498,11.17402],[47.47383,11.1748],[47.7125,11.11201],[48.01924,11.13936],[48.43887,11.29014],[48.57256,11.32051],[48.67441,11.32266],[48.90313,11.25488],[48.93857,11.25845],[49.06211,11.27085],[49.38828,11.34272],[49.64209,11.45093],[50.11006,11.5293],[50.46621,11.72754],[50.52832,11.82319],[50.63594,11.9438],[50.79229,11.98369],[51.19131,11.84199],[51.25488,11.83071],[51.23184,11.74502],[51.21816,11.65767],[51.13633,11.50513],[51.08428,11.33564],[51.12227,11.07676],[51.14062,10.65688],[51.13125,10.5959],[51.10488,10.53584],[51.09385,10.48853],[51.05078,10.47197],[51.03184,10.44478],[51.06318,10.43394],[51.18828,10.47974],[51.18555,10.52983],[51.19297,10.55464],[51.2957,10.49868],[51.36914,10.47524],[51.39023,10.42261],[51.38457,10.38652],[51.26816,10.40312],[51.20879,10.43105],[51.03594,10.38516],[50.93008,10.33555],[50.89844,10.25312],[50.87373,9.92417],[50.83281,9.7105],[50.825,9.42817],[50.68516,9.24116],[50.63799,9.10928],[50.42979,8.84526],[50.32119,8.61958],[50.28574,8.50942],[50.10283,8.1998],[49.85205,7.96255],[49.76123,7.65952],[49.67119,7.46953],[49.57002,7.29697],[49.34854,6.99053],[49.23496,6.77734],[49.09268,6.40786],[49.04932,6.17363],[48.64902,5.49438],[48.23398,4.95269],[47.97529,4.49702],[47.51143,3.96826],[46.87881,3.28564],[46.05117,2.47515],[45.82627,2.30986],[44.92021,1.81016],[44.33271,1.39097],[44.03271,1.10591],[43.71758,0.85786],[43.46768,0.62163],[42.71211,-0.17568],[42.63418,-0.25078],[42.56074,-0.32148],[42.46563,-0.45654],[42.39941,-0.51006],[42.21895,-0.73799],[42.10625,-0.85615],[41.97988,-0.97305],[41.92627,-1.05557],[41.88828,-1.15059],[41.84619,-1.20342],[41.73223,-1.43008],[41.63203,-1.57852],[41.53271,-1.69531],[41.38691,-1.86699],[41.26748,-1.94502],[41.10684,-1.98232],[41.05869,-1.9752],[40.99551,-1.95059],[40.9707,-1.9918],[40.95215,-2.05596],[40.9166,-2.04248],[40.88975,-2.02354],[40.90586,-2.1375],[40.92236,-2.19375],[40.89824,-2.26992],[40.82012,-2.33633],[40.81318,-2.39238],[40.64414,-2.53945],[40.40449,-2.55566],[40.27852,-2.62861],[40.22246,-2.68838],[40.17979,-2.81904],[40.19473,-3.01924],[40.12813,-3.17334],[40.11543,-3.25059],[39.9917,-3.35068],[39.93682,-3.44248],[39.89629,-3.53584],[39.86094,-3.57676],[39.81914,-3.78604],[39.76143,-3.91309],[39.7458,-3.95518],[39.73164,-3.99326],[39.68691,-4.06787],[39.65801,-4.11914],[39.63711,-4.15283],[39.49092,-4.47842],[39.37695,-4.62549],[39.2875,-4.60859],[39.22813,-4.66553],[39.22178,-4.69238],[39.20186,-4.77646],[39.12324,-4.98047],[39.11875,-5.06543],[39.08799,-5.16543],[39.0583,-5.23154],[38.97822,-5.51855],[38.91104,-5.62598],[38.81924,-5.87764],[38.80469,-6.07012],[38.85527,-6.20488],[38.87402,-6.33125],[38.98145,-6.45508],[39.06738,-6.49932],[39.12549,-6.55596],[39.22842,-6.68525],[39.2873,-6.81494],[39.47236,-6.87861],[39.54609,-7.02402],[39.51924,-7.12412],[39.4334,-7.20703],[39.35313,-7.34141],[39.28848,-7.51787],[39.28701,-7.7877],[39.33047,-7.74668],[39.42842,-7.81279],[39.44102,-8.01152],[39.34004,-8.24287],[39.30898,-8.35098],[39.304,-8.44385],[39.37734,-8.7208],[39.48838,-8.86182],[39.48008,-8.90596],[39.45127,-8.94297],[39.64131,-9.19248],[39.62549,-9.40947],[39.69668,-9.57842],[39.72793,-9.7248],[39.7748,-9.83711],[39.78379,-9.91455],[39.7252,-10.00049],[39.86377,-10.02197],[39.94521,-10.09229],[39.98359,-10.15957],[40.08369,-10.15664],[40.13789,-10.20264],[40.21602,-10.24063],[40.38877,-10.35352],[40.43555,-10.41025],[40.45254,-10.44297],[40.46357,-10.46436],[40.5167,-10.56738],[40.61172,-10.66152],[40.55508,-10.71621],[40.48662,-10.76514],[40.59717,-10.83066],[40.51611,-10.92959],[40.50625,-10.99844],[40.52686,-11.02539],[40.54453,-11.06563],[40.49141,-11.17891],[40.421,-11.26562],[40.40283,-11.33203],[40.46514,-11.44941],[40.43311,-11.65732],[40.49355,-11.84443],[40.51045,-11.94043],[40.53154,-12.00459],[40.50146,-12.11943],[40.50918,-12.31289],[40.52314,-12.39277],[40.48711,-12.49219],[40.54834,-12.52656],[40.58086,-12.63555],[40.57207,-12.7584],[40.55332,-12.82461],[40.44766,-12.90479],[40.43516,-12.93594],[40.43682,-12.98311],[40.56875,-12.98467],[40.57324,-13.05771],[40.56445,-13.11523],[40.56953,-13.22344],[40.55195,-13.29375],[40.58291,-13.37402],[40.54512,-13.46289],[40.5582,-13.53145],[40.55986,-13.62031],[40.59053,-13.84502],[40.5957,-14.12285],[40.60254,-14.16738],[40.64951,-14.19883],[40.71563,-14.21445],[40.71309,-14.29063],[40.63994,-14.39004],[40.63555,-14.45186],[40.64609,-14.53867],[40.72666,-14.4207],[40.775,-14.42129],[40.81816,-14.46758],[40.81211,-14.53555],[40.82695,-14.56904],[40.82061,-14.63496],[40.84453,-14.71865],[40.83516,-14.7915],[40.77598,-14.84248],[40.70068,-14.92979],[40.6874,-15.01162],[40.69434,-15.06523],[40.64219,-15.08242],[40.61777,-15.11553],[40.65313,-15.19268],[40.65098,-15.26094],[40.55898,-15.47344],[40.31387,-15.76396],[40.20801,-15.86709],[40.10879,-15.9793],[40.10889,-16.02529],[40.09922,-16.06533],[39.98359,-16.22549],[39.85977,-16.25176],[39.79092,-16.29453],[39.84463,-16.43564],[39.76455,-16.46816],[39.62539,-16.57939],[39.24229,-16.79258],[39.18174,-16.84199],[39.08438,-16.97285],[38.95605,-17.00459],[38.88477,-17.0416],[38.75762,-17.05518],[38.71328,-17.0457],[38.66992,-17.05029],[38.6333,-17.07832],[38.38076,-17.17012],[38.14492,-17.24277],[38.08691,-17.27598],[38.04824,-17.32139],[37.83945,-17.39316],[37.5123,-17.5707],[37.24453,-17.73994],[37.05059,-17.90928],[36.99951,-17.93496],[36.93936,-17.99346],[36.91924,-18.08008],[36.89961,-18.129],[36.75615,-18.30732],[36.54014,-18.51816],[36.49805,-18.57578],[36.41221,-18.69297],[36.40371,-18.76973],[36.32725,-18.79316],[36.26289,-18.71963],[36.23564,-18.86133],[36.1832,-18.87139],[36.125,-18.84238],[35.98008,-18.9125],[35.85371,-18.99336],[35.65127,-19.16387],[35.36533,-19.49395],[34.94785,-19.8127],[34.89082,-19.82178],[34.85234,-19.82051],[34.721,-19.70957],[34.64941,-19.70137],[34.71348,-19.76719],[34.75576,-19.82197],[34.74502,-19.92949],[34.75,-20.09082],[34.69814,-20.40439],[34.70508,-20.47305],[34.76475,-20.56191],[34.87705,-20.6708],[34.98232,-20.80625],[35.11758,-21.19521],[35.12803,-21.39531],[35.26768,-21.65098],[35.27295,-21.76172],[35.3293,-22.0374],[35.32559,-22.26035],[35.31572,-22.39688],[35.38301,-22.45459],[35.40781,-22.40254],[35.40088,-22.31621],[35.41885,-22.17764],[35.45635,-22.11592],[35.49375,-22.12471],[35.50488,-22.19014],[35.53008,-22.24814],[35.54023,-22.30264],[35.54199,-22.37656],[35.49023,-22.65771],[35.50576,-22.77207],[35.57539,-22.96309],[35.49443,-23.18516],[35.37695,-23.70781],[35.37041,-23.79824],[35.39883,-23.8377],[35.46211,-23.85107],[35.48535,-23.78447],[35.52246,-23.78496],[35.54199,-23.82441],[35.48965,-24.06553],[35.43809,-24.17119],[35.25488,-24.43027],[35.15596,-24.54141],[34.99209,-24.65059],[34.60732,-24.82129],[33.83604,-25.06797],[33.53008,-25.18887],[33.34746,-25.26094],[32.96113,-25.49043],[32.79219,-25.64434],[32.72256,-25.8209],[32.65586,-25.90176],[32.59043,-26.0041],[32.64746,-26.09199],[32.70352,-26.1585],[32.76963,-26.20303],[32.80391,-26.24141],[32.84883,-26.26807],[32.89404,-26.12988],[32.91641,-26.08691],[32.95488,-26.08359],[32.93359,-26.25234],[32.88916,-26.83047],[32.88613,-26.84932],[32.84912,-27.08018],[32.70586,-27.4416],[32.65703,-27.60732],[32.53477,-28.19971],[32.3752,-28.49824],[32.28574,-28.62148],[32.02725,-28.83955],[31.95537,-28.88379],[31.8915,-28.91211],[31.77822,-28.93711],[31.33516,-29.37813],[31.16992,-29.59082],[31.02334,-29.90088],[30.87764,-30.07109],[30.66357,-30.43418],[30.47227,-30.71455],[30.28867,-30.97012],[29.97119,-31.32207],[29.83027,-31.42383],[29.73516,-31.47041],[29.48291,-31.67471],[29.12783,-32.00313],[28.85596,-32.29424],[28.44941,-32.62461],[28.21406,-32.76924],[27.86064,-33.05391],[27.76211,-33.096],[27.36377,-33.36055],[27.07744,-33.52119],[26.61367,-33.70742],[26.42949,-33.75957],[25.98955,-33.71133],[25.80586,-33.73711],[25.65244,-33.84961],[25.63818,-34.01113],[25.57422,-34.03535],[25.47725,-34.02813],[25.16973,-33.96074],[25.00293,-33.97363],[24.90557,-34.05977],[24.82715,-34.16895],[24.59551,-34.17451],[24.18301,-34.06152],[23.69785,-33.99277],[23.58555,-33.98516],[23.35039,-34.06895],[23.26816,-34.08115],[22.92559,-34.06318],[22.73555,-34.01025],[22.55381,-34.01006],[22.41445,-34.05381],[22.24551,-34.06914],[21.78896,-34.37266],[21.55322,-34.37305],[21.3498,-34.4082],[21.24893,-34.40703],[21.06016,-34.36465],[20.98984,-34.36748],[20.88242,-34.38652],[20.7748,-34.43994],[20.52988,-34.46309],[20.43467,-34.50859],[20.02061,-34.78574],[19.92627,-34.77471],[19.85,-34.75664],[19.63496,-34.75332],[19.3915,-34.60566],[19.29824,-34.61504],[19.32324,-34.5708],[19.33076,-34.49238],[19.27939,-34.43701],[19.24463,-34.4123],[19.14912,-34.41689],[19.09834,-34.3501],[18.95215,-34.34375],[18.90156,-34.36064],[18.83135,-34.36406],[18.8251,-34.29648],[18.83066,-34.25391],[18.82637,-34.18848],[18.80879,-34.1082],[18.75215,-34.08262],[18.70869,-34.07188],[18.60518,-34.07734],[18.53389,-34.08594],[18.50039,-34.10928],[18.46211,-34.16807],[18.46162,-34.34688],[18.41035,-34.29561],[18.35205,-34.18848],[18.3334,-34.07422],[18.35439,-33.93906],[18.46504,-33.88779],[18.45645,-33.79648],[18.43301,-33.71729],[18.30947,-33.51445],[18.26123,-33.42168],[18.15635,-33.35879],[18.0748,-33.20732],[17.99258,-33.15234],[17.9584,-33.04639],[17.87822,-32.96152],[17.85107,-32.82744],[17.89531,-32.75049],[17.96523,-32.70859],[18.03652,-32.7751],[18.125,-32.74912],[18.25088,-32.65215],[18.32529,-32.50498],[18.32988,-32.26953],[18.31074,-32.12246],[18.21084,-31.74248],[18.16367,-31.65518],[17.93857,-31.3832],[17.67744,-31.01904],[17.34707,-30.44482],[17.18906,-30.0998],[16.95,-29.40342],[16.73945,-29.00938],[16.48076,-28.6415],[16.44756,-28.61758],[16.33506,-28.53652],[16.00713,-28.23174],[15.89092,-28.15254],[15.71904,-27.96582],[15.3415,-27.38652],[15.2876,-27.275],[15.21572,-26.99512],[15.13281,-26.7876],[15.12373,-26.66787],[15.16328,-26.6002],[15.13906,-26.50801],[15.09658,-26.42578],[14.96777,-26.31807],[14.93125,-25.9582],[14.84521,-25.72568],[14.86367,-25.53359],[14.82256,-25.35859],[14.81855,-25.24639],[14.83711,-25.0332],[14.76797,-24.78799],[14.62793,-24.54805],[14.50156,-24.20195],[14.4834,-24.05039],[14.49688,-23.64287],[14.47246,-23.47666],[14.47383,-23.28115],[14.42383,-23.07861],[14.40332,-22.96807],[14.43848,-22.88057],[14.45928,-22.9082],[14.4957,-22.92139],[14.51992,-22.80518],[14.52598,-22.70254],[14.46279,-22.44912],[14.32188,-22.18994],[13.97324,-21.76758],[13.88809,-21.60664],[13.83936,-21.47324],[13.45059,-20.9167],[13.28438,-20.52393],[13.16836,-20.18467],[13.04209,-20.02822],[12.4582,-18.92676],[12.32871,-18.75107],[12.0957,-18.54092],[12.04121,-18.4707],[11.95137,-18.27051],[11.77588,-18.00176],[11.7335,-17.75098],[11.72168,-17.4668],[11.74307,-17.24922],[11.78008,-16.87129],[11.81895,-16.7041],[11.81992,-16.5043],[11.79697,-15.98643],[11.76943,-15.91533],[11.75088,-15.83193],[11.84971,-15.76836],[11.8999,-15.71982],[11.96787,-15.63398],[12.01611,-15.51367],[12.07324,-15.24824],[12.28047,-14.6375],[12.37891,-14.03906],[12.50371,-13.75547],[12.55049,-13.43779],[12.89766,-13.02773],[12.9832,-12.77568],[13.1627,-12.65215],[13.41699,-12.52041],[13.59795,-12.28613],[13.68555,-12.12383],[13.78535,-11.81279],[13.78428,-11.48799],[13.84746,-11.05439],[13.83359,-10.92969],[13.73896,-10.75713],[13.72139,-10.63359],[13.6335,-10.5123],[13.53945,-10.4207],[13.49541,-10.25713],[13.33223,-9.99893],[13.2875,-9.82676],[13.20938,-9.70322],[13.19688,-9.55068],[13.15566,-9.38965],[13.07598,-9.23037],[12.99854,-9.04805],[12.99854,-8.99102],[13.04678,-8.92227],[13.09277,-8.89971],[13.07725,-8.93428],[13.04658,-8.9752],[13.05381,-9.00684],[13.35898,-8.68721],[13.37832,-8.62471],[13.36807,-8.55479],[13.36641,-8.46924],[13.37852,-8.36973],[13.09082,-7.78018],[12.8623,-7.23184],[12.82344,-6.95479],[12.52129,-6.59033],[12.40215,-6.35342],[12.33428,-6.1873],[12.2833,-6.12432],[12.30254,-6.09258],[12.38037,-6.08428],[12.55352,-6.0459],[12.79063,-6.00391],[13.00977,-5.90762],[13.06816,-5.86484],[13.00332,-5.83613],[12.86084,-5.8541],[12.7916,-5.87773],[12.68066,-5.96084],[12.51455,-6.0042],[12.45293,-6.00049],[12.41172,-5.98633],[12.31504,-5.89531],[12.24043,-5.80732],[12.21367,-5.75869],[12.19902,-5.73193],[12.15547,-5.63271],[12.18008,-5.53867],[12.20654,-5.46826],[12.17715,-5.3248],[12.11055,-5.19717],[12.03994,-5.03516],[12.01836,-5.0043],[12.00273,-4.98203],[11.9668,-4.95439],[11.89326,-4.86572],[11.8207,-4.75547],[11.80127,-4.70518],[11.78086,-4.67656],[11.77754,-4.56582],[11.66807,-4.43428],[11.39385,-4.20029],[11.36445,-4.13057],[11.13018,-3.91631],[11.03203,-3.82646],[10.94727,-3.66211],[10.84854,-3.56133],[10.64072,-3.39805],[10.58545,-3.27803],[10.34766,-3.01309],[10.00615,-2.74834],[9.75947,-2.51855],[9.72207,-2.46758],[9.76367,-2.47383],[10.00195,-2.58838],[10.03447,-2.57559],[10.06201,-2.5499],[9.95908,-2.48984],[9.86084,-2.44258],[9.76865,-2.41309],[9.67637,-2.41563],[9.62461,-2.36709],[9.59102,-2.29316],[9.57402,-2.22998],[9.5332,-2.16387],[9.40225,-2.02764],[9.37051,-1.975],[9.29893,-1.90303],[9.34248,-1.89365],[9.48281,-1.9623],[9.49531,-1.93496],[9.4832,-1.89463],[9.34219,-1.82939],[9.26562,-1.8251],[9.24795,-1.7793],[9.2584,-1.72627],[9.15752,-1.52773],[9.05283,-1.3791],[9.03633,-1.30889],[9.31885,-1.63203],[9.35664,-1.6376],[9.40635,-1.63457],[9.52334,-1.59834],[9.50107,-1.55518],[9.44834,-1.50889],[9.39717,-1.53018],[9.33066,-1.53457],[9.2958,-1.51523],[9.28018,-1.48193],[9.34668,-1.325],[9.31787,-1.33291],[9.29668,-1.36094],[9.26016,-1.37422],[9.20381,-1.38242],[9.06465,-1.29834],[8.94189,-1.07148],[8.90938,-1.025],[8.87656,-0.94609],[8.84424,-0.91357],[8.70312,-0.59102],[8.75723,-0.61494],[8.82139,-0.7084],[8.94639,-0.68877],[8.99521,-0.63467],[9.03789,-0.63672],[9.08154,-0.62432],[9.13652,-0.57334],[9.29668,-0.35127],[9.33906,-0.05825],[9.32529,0.11582],[9.30186,0.28853],[9.35488,0.3436],[9.37578,0.30723],[9.38613,0.2459],[9.41113,0.20044],[9.46816,0.15977],[9.57432,0.14893],[9.73838,0.08496],[9.79678,0.04424],[9.8127,0.12559],[10.00146,0.19497],[9.94443,0.21987],[9.77666,0.19248],[9.54648,0.29595],[9.47012,0.36191],[9.39883,0.48672],[9.3248,0.5521],[9.32998,0.61084],[9.49531,0.66484],[9.53896,0.65869],[9.55664,0.59419],[9.60107,0.56772],[9.61797,0.57651],[9.62529,0.63164],[9.62588,0.77944],[9.57539,0.99131],[9.59082,1.03198],[9.59941,1.05444],[9.50986,1.11479],[9.44531,1.12065],[9.38594,1.13926],[9.43408,1.29639],[9.49424,1.4353],[9.58428,1.54023],[9.63213,1.56553],[9.64766,1.61758],[9.71885,1.78867],[9.80703,1.92749],[9.77969,2.06821],[9.80078,2.30444],[9.82178,2.53926],[9.86758,2.73496],[9.88545,2.91655],[9.94844,3.07905],[9.91504,3.23965],[9.87617,3.30977],[9.67207,3.5376],[9.76572,3.62383],[9.64238,3.61177],[9.61592,3.69648],[9.55615,3.79805],[9.59277,3.81431],[9.62813,3.87002],[9.73965,3.85293],[9.73613,3.88013],[9.63994,3.96533],[9.64922,4.00835],[9.68887,4.0564],[9.66953,4.07666],[9.60039,4.0269],[9.55059,4.02842],[9.51182,4.06064],[9.48369,4.06611],[9.50078,4.00073],[9.46201,3.94253],[9.42529,3.92231],[9.3623,3.92573],[9.31094,3.94038],[9.29736,3.97295],[9.24912,3.99785],[9.11387,4.04106],[9.0001,4.0916],[8.97705,4.23042],[8.93203,4.29023],[8.91357,4.35781],[8.90283,4.43516],[8.91826,4.55376],[8.88945,4.57275],[8.85645,4.57925],[8.80713,4.57344],[8.76191,4.58003],[8.70791,4.6457],[8.66035,4.671],[8.68965,4.55024],[8.65625,4.51636],[8.57441,4.52622],[8.53955,4.57187],[8.53281,4.60586],[8.57051,4.7521],[8.55586,4.75522],[8.54375,4.75781],[8.51484,4.72471],[8.43135,4.74624],[8.39365,4.81377],[8.34209,4.82476],[8.25273,4.92397],[8.23379,4.90747],[8.32803,4.6561],[8.29307,4.55762],[8.02852,4.55537],[7.80078,4.52227],[7.64424,4.52534],[7.56563,4.56094],[7.53076,4.65518],[7.51738,4.64546],[7.50947,4.59492],[7.45986,4.55522],[7.28438,4.54766],[7.20674,4.61206],[7.14385,4.68408],[7.07656,4.71616],[7.08691,4.68584],[7.16416,4.61558],[7.15469,4.5144],[7.01338,4.39731],[6.92324,4.39067],[6.86787,4.44111],[6.83916,4.52349],[6.82471,4.64526],[6.7876,4.72471],[6.76768,4.72471],[6.78604,4.652],[6.79219,4.59263],[6.79307,4.46914],[6.86035,4.37334],[6.75703,4.34355],[6.71514,4.34243],[6.63301,4.34023],[6.61729,4.37578],[6.60156,4.45518],[6.57998,4.47598],[6.55459,4.34141],[6.5,4.33193],[6.46211,4.33315],[6.2998,4.30386],[6.26367,4.30942],[6.25596,4.33447],[6.27529,4.37168],[6.271,4.43213],[6.21465,4.3855],[6.20557,4.29229],[6.17334,4.27739],[6.07656,4.29062],[5.9707,4.33857],[5.90645,4.38774],[5.79863,4.45596],[5.58779,4.64722],[5.55361,4.7332],[5.49326,4.83877],[5.44814,4.94585],[5.3833,5.129],[5.40322,5.14229],[5.45215,5.12656],[5.47598,5.15386],[5.38828,5.17378],[5.37002,5.19502],[5.36416,5.25928],[5.36797,5.33774],[5.43926,5.36533],[5.50088,5.37861],[5.53184,5.42637],[5.54971,5.47422],[5.38584,5.40176],[5.23242,5.48379],[5.19922,5.53354],[5.21582,5.57168],[5.28906,5.57749],[5.39385,5.57451],[5.45664,5.61172],[5.41807,5.62471],[5.35029,5.62329],[5.32529,5.64795],[5.32734,5.70752],[5.30537,5.69434],[5.27627,5.64155],[5.17285,5.60273],[5.1124,5.64155],[5.10625,5.72812],[5.09307,5.76709],[5.04209,5.79751],[4.86104,6.02632],[4.63359,6.21719],[4.43135,6.34858],[4.12588,6.41138],[3.48662,6.40894],[3.45078,6.42705],[3.48994,6.45728],[3.54609,6.47744],[3.75166,6.58384],[3.71699,6.59795],[3.50332,6.53135],[3.43018,6.525],[3.33555,6.39692],[2.77246,6.37573],[2.70645,6.36924],[2.28691,6.32808],[1.81816,6.26064],[1.62266,6.2168],[1.31064,6.14687],[1.18721,6.0894],[1.10557,6.05137],[1.05029,5.99399],[1.00801,5.9064],[0.94971,5.81025],[0.74883,5.76011],[0.67188,5.75972],[0.25967,5.75732],[-0.12651,5.56816],[-0.34873,5.50078],[-0.48545,5.39424],[-0.66943,5.31855],[-0.79771,5.22671],[-1.06431,5.18267],[-1.50166,5.03799],[-1.63848,4.98086],[-1.77686,4.88037],[-2.00186,4.76245],[-2.09019,4.76406],[-2.26641,4.87407],[-2.39893,4.92935],[-2.72305,5.01372],[-2.96499,5.04629],[-3.08188,5.08247],[-3.11401,5.08867],[-3.24639,5.11406],[-3.21489,5.14722],[-3.08672,5.12832],[-3.01914,5.13081],[-3.02588,5.15054],[-3.06396,5.15771],[-3.1687,5.20303],[-3.15142,5.34829],[-3.19995,5.35449],[-3.2376,5.3354],[-3.31201,5.16079],[-3.34756,5.13066],[-3.87061,5.2207],[-3.98418,5.29316],[-4.12017,5.30972],[-4.35728,5.30142],[-4.55283,5.27988],[-4.60889,5.23589],[-4.11519,5.26162],[-4.06206,5.25664],[-4.03721,5.23013],[-4.66152,5.17256],[-4.89971,5.13833],[-4.97012,5.14775],[-5.02368,5.20361],[-5.28237,5.21025],[-5.33545,5.19199],[-5.36753,5.15078],[-5.26577,5.15972],[-5.10488,5.16216],[-5.06182,5.13066],[-5.56475,5.08945],[-5.91377,5.01094],[-6.06172,4.95283],[-6.54844,4.76177],[-6.84517,4.67148],[-6.9229,4.63833],[-7.05796,4.54473],[-7.2314,4.48599],[-7.42607,4.37603],[-7.54497,4.35132],[-7.66001,4.3668],[-7.99824,4.50869],[-8.25903,4.58999],[-9.13218,5.05464],[-9.37476,5.24106],[-9.65439,5.5187],[-10.27637,6.07764],[-10.41816,6.16733],[-10.59707,6.21094],[-10.70762,6.2585],[-10.7856,6.31016],[-10.84902,6.46509],[-11.00454,6.55737],[-11.2916,6.68823],[-11.50752,6.90654],[-11.54751,6.94697],[-11.73345,7.08857],[-11.9292,7.18354],[-12.34663,7.3418],[-12.48564,7.38628],[-12.48066,7.44248],[-12.43271,7.54502],[-12.51045,7.66572],[-12.48027,7.75327],[-12.51045,7.75337],[-12.57021,7.70059],[-12.69761,7.71587],[-12.78193,7.79111],[-12.85088,7.8187],[-12.88096,7.85664],[-12.92515,8.05518],[-12.95693,8.14531],[-13.0208,8.20093],[-13.14897,8.2146],[-13.20176,8.33584],[-13.27275,8.42974],[-13.26123,8.4876],[-13.20332,8.48428],[-13.15796,8.44229],[-13.08501,8.42476],[-12.99424,8.52646],[-12.91294,8.58154],[-12.89409,8.62979],[-12.904,8.65625],[-12.95337,8.61514],[-13.08823,8.62573],[-13.12163,8.58877],[-13.18184,8.5769],[-13.22842,8.6959],[-13.22617,8.76597],[-13.20693,8.84312],[-13.07104,8.85635],[-13.05947,8.88115],[-13.15371,8.89771],[-13.27163,8.9874],[-13.29268,9.04922],[-13.30264,9.07837],[-13.26948,9.17056],[-13.2959,9.21851],[-13.39609,9.31431],[-13.40557,9.36064],[-13.43628,9.42031],[-13.56826,9.54341],[-13.69136,9.53579],[-13.65713,9.63911],[-13.65869,9.77637],[-13.70049,9.85127],[-13.68979,9.92778],[-13.71265,9.92295],[-13.75371,9.87026],[-13.82012,9.88721],[-13.95464,9.9687],[-14.02187,10.04785],[-14.02993,10.11514],[-14.04502,10.14126],[-14.08628,10.12725],[-14.17041,10.12861],[-14.4269,10.24834],[-14.60957,10.54985],[-14.61362,10.61782],[-14.5874,10.73491],[-14.59351,10.7667],[-14.67734,10.68896],[-14.69336,10.74102],[-14.75737,10.86206],[-14.77593,10.93164],[-14.83745,10.96255],[-14.88672,10.96807],[-14.9248,10.94492],[-14.975,10.80342],[-15.0124,10.80435],[-15.05122,10.83457],[-15.04302,10.94014],[-15.09375,11.01104],[-15.05459,11.14194],[-15.09678,11.14004],[-15.18105,11.03423],[-15.22212,11.03091],[-15.2167,11.15625],[-15.26338,11.16089],[-15.31748,11.152],[-15.39312,11.21724],[-15.40059,11.26621],[-15.39453,11.33447],[-15.34844,11.37808],[-15.35469,11.39634],[-15.39917,11.40146],[-15.44897,11.38975],[-15.47949,11.4103],[-15.4291,11.49888],[-15.25259,11.57329],[-15.16377,11.58096],[-15.07266,11.5978],[-15.12241,11.66157],[-15.23037,11.68677],[-15.3167,11.66919],[-15.35967,11.6229],[-15.41299,11.61523],[-15.5019,11.72378],[-15.50024,11.77837],[-15.46719,11.84282],[-15.41572,11.87178],[-15.21084,11.87095],[-15.13311,11.90732],[-15.10171,11.91396],[-15.07197,11.94702],[-15.07827,11.96899],[-15.11152,11.97026],[-15.18809,11.92729],[-15.43477,11.94355],[-15.51348,11.91758],[-15.65068,11.81836],[-15.81938,11.76348],[-15.94175,11.78662],[-15.90273,11.91968],[-15.92021,11.93779],[-15.95879,11.95962],[-16.13843,11.91729],[-16.27432,11.97812],[-16.32808,12.05161],[-16.31885,12.14375],[-16.25474,12.20605],[-16.24458,12.23711],[-16.3123,12.24302],[-16.43682,12.20415],[-16.71182,12.35483],[-16.74585,12.39971],[-16.78486,12.47251],[-16.7603,12.52578],[-16.67764,12.56006],[-16.55322,12.60488],[-16.48809,12.58184],[-16.44995,12.58071],[-16.44287,12.60947],[-16.45503,12.6248],[-16.54883,12.66382],[-16.59766,12.71528],[-16.63784,12.68516],[-16.67256,12.62202],[-16.70142,12.60317],[-16.7439,12.58545],[-16.76797,12.62842],[-16.77842,12.67017],[-16.75898,12.70234],[-16.76895,12.8833],[-16.75737,12.97979],[-16.76333,13.06416],[-16.76934,13.14849],[-16.8248,13.34106],[-16.75039,13.42539],[-16.66934,13.475],[-16.61479,13.4353],[-16.59834,13.35684],[-16.55645,13.30322],[-16.41338,13.26973],[-16.27168,13.2938],[-16.18506,13.28271],[-16.18789,13.32617],[-16.1584,13.38403],[-15.98643,13.40884],[-15.80449,13.42539],[-15.61768,13.46011],[-15.47129,13.45864],[-15.42749,13.46836],[-15.43813,13.4832],[-15.56953,13.49985],[-15.8499,13.45996],[-16.13545,13.44824],[-16.35181,13.34336],[-16.44053,13.35317],[-16.53008,13.45796],[-16.5623,13.5873],[-16.58779,13.68955],[-16.64785,13.771],[-16.74541,13.84043],[-16.76694,13.90493],[-16.73389,13.96118],[-16.6396,14.00747],[-16.61812,14.04053],[-16.66748,14.0356],[-16.74214,14.00581],[-16.79175,14.00415],[-16.79775,14.09326],[-16.88052,14.20835],[-16.97383,14.40322],[-17.07939,14.48306],[-17.16807,14.64062],[-17.26064,14.70107],[-17.3458,14.7293],[-17.41846,14.72349],[-17.44502,14.65161],[-17.53564,14.75513],[-17.41182,14.79219],[-17.14717,14.92202],[-16.84341,15.29399],[-16.57075,15.73442],[-16.53525,15.83838],[-16.53574,16.28682],[-16.4813,16.45425],[-16.46362,16.60151],[-16.34668,16.92642],[-16.20747,17.19258],[-16.07891,17.54585],[-16.03032,17.88794],[-16.04673,18.22314],[-16.08496,18.52119],[-16.1501,18.71816],[-16.21309,19.00332],[-16.30591,19.15381],[-16.47617,19.28506],[-16.51445,19.36196],[-16.4748,19.39062],[-16.37129,19.41025],[-16.30527,19.51265],[-16.44487,19.47314],[-16.2834,19.78716],[-16.2332,20.00098],[-16.24116,20.14126],[-16.21045,20.22793],[-16.33374,20.41587],[-16.42979,20.65234],[-16.4792,20.68979],[-16.53042,20.70952],[-16.53491,20.654],[-16.5627,20.60415],[-16.62251,20.63418],[-16.72837,20.80615],[-16.87607,21.08613],[-16.92793,21.11479],[-16.97114,21.07646],[-16.99824,21.0397],[-17.04805,20.80615],[-17.09878,20.85688],[-17.00962,21.3771],[-16.93086,21.9],[-16.79326,22.15972],[-16.68398,22.27437],[-16.5144,22.3335],[-16.35874,22.59453],[-16.3043,22.83481],[-16.20186,22.94536],[-16.16973,23.03193],[-16.21025,23.0979],[-16.11367,23.22754],[-15.99673,23.42549],[-15.94263,23.55264],[-15.80596,23.74951],[-15.78926,23.79287],[-15.80166,23.84224],[-15.85518,23.80034],[-15.91255,23.72759],[-15.98071,23.67031],[-15.95283,23.74082],[-15.89932,23.84443],[-15.77778,23.95293],[-15.58633,24.07275],[-15.18862,24.47881],[-15.03887,24.54883],[-14.9043,24.71978],[-14.85605,24.87158],[-14.84292,25.22012],[-14.79492,25.40415],[-14.70703,25.54771],[-14.60229,25.80854],[-14.52275,25.92524],[-14.47056,26.16304],[-14.41387,26.25371],[-14.31245,26.29673],[-14.16836,26.41543],[-13.9521,26.48877],[-13.6959,26.64292],[-13.57578,26.73511],[-13.49575,26.87266],[-13.40981,27.14663],[-13.25615,27.43462],[-13.17598,27.65571],[-13.04072,27.76982],[-12.94893,27.91416],[-12.79365,27.97842],[-12.4689,28.00942],[-11.98608,28.1293],[-11.55269,28.31011],[-11.43018,28.38203],[-11.29907,28.52607],[-11.08096,28.71377],[-10.67383,28.93921],[-10.48647,29.06494],[-10.20059,29.38037],[-10.0105,29.64141],[-9.85264,29.80923],[-9.74346,29.9582],[-9.66709,30.10928],[-9.62383,30.35264],[-9.65293,30.44756],[-9.77314,30.60312],[-9.85391,30.64458],[-9.87549,30.71792],[-9.83242,30.84727],[-9.83335,31.06963],[-9.80869,31.42461],[-9.67495,31.71099],[-9.34746,32.08638],[-9.28657,32.24058],[-9.24912,32.48584],[-9.24585,32.57246],[-8.83623,32.92046],[-8.59629,33.18716],[-8.51284,33.25244],[-8.30117,33.37437],[-7.56235,33.64028],[-7.14468,33.83032],[-6.90098,33.96904],[-6.75576,34.13291],[-6.35312,34.77607],[-5.95757,35.68115],[-5.9248,35.78579],[-5.74795,35.81597],[-5.62285,35.82891],[-5.52227,35.86201],[-5.39736,35.92988],[-5.27783,35.90273],[-5.33765,35.85654],[-5.33765,35.74521],[-5.25269,35.61475],[-5.10537,35.46777],[-4.83721,35.2813],[-4.62832,35.2064],[-4.32998,35.16147],[-3.98242,35.24341],[-3.78799,35.24492],[-3.69326,35.27998],[-3.59062,35.22832],[-3.39473,35.21182],[-3.20601,35.23911],[-3.06309,35.31724],[-2.97222,35.40728],[-2.95796,35.36309],[-2.95361,35.31514],[-2.92598,35.28711],[-2.86953,35.17266],[-2.83994,35.12783],[-2.7314,35.13521],[-2.63682,35.1127],[-2.42373,35.12349],[-2.21963,35.1042],[-2.01777,35.08506],[-1.91328,35.09424],[-1.67363,35.18311],[-1.48374,35.30308],[-1.33584,35.36426],[-1.20537,35.49575],[-1.0877,35.57886],[-0.91748,35.66841],[-0.42612,35.86152],[-0.35078,35.86318],[-0.18916,35.81909],[-0.04824,35.83281],[0.04795,35.90054],[0.15166,36.06313],[0.31221,36.16235],[0.51494,36.26182],[0.79082,36.35654],[0.97168,36.44395],[1.25723,36.51958],[1.97451,36.56758],[2.34287,36.6103],[2.59336,36.60068],[2.84648,36.73887],[2.97285,36.78447],[3.52051,36.79512],[3.779,36.89619],[4.75811,36.89634],[4.87783,36.8624],[4.99541,36.80806],[5.19561,36.67681],[5.29541,36.64824],[5.42461,36.67544],[5.72549,36.79961],[6.06475,36.86426],[6.24912,36.93833],[6.32783,37.04604],[6.48652,37.08574],[6.57588,37.00303],[6.92754,36.91943],[7.14346,36.94336],[7.23848,36.96851],[7.2043,37.09238],[7.43242,37.05928],[7.60771,36.99976],[7.7916,36.88027],[7.91045,36.85635],[8.12715,36.91035],[8.57656,36.93721],[8.82354,36.99761],[9.05889,37.15586],[9.14199,37.19463],[9.68799,37.34038],[9.75889,37.33027],[9.83848,37.30898],[9.81553,37.25464],[9.78398,37.21143],[9.83027,37.13535],[9.89639,37.18164],[9.87939,37.21284],[9.87559,37.25415],[9.98809,37.25776],[10.0874,37.25127],[10.19639,37.20586],[10.18877,37.03389],[10.33408,36.86538],[10.29326,36.78149],[10.4123,36.73184],[10.51816,36.79136],[10.57129,36.87944],[10.76621,36.93027],[10.95137,37.05928],[11.05391,37.07251],[11.07705,36.9667],[11.12666,36.87407],[11.05654,36.84146],[10.96719,36.74302],[10.79814,36.49312],[10.64238,36.41963],[10.52568,36.32334],[10.48799,36.25488],[10.47656,36.17515],[10.50576,36.03242],[10.59082,35.88726],[10.68896,35.79951],[10.78369,35.77207],[11.0043,35.63384],[11.00068,35.55161],[11.03154,35.45386],[11.04326,35.33511],[11.12012,35.24028],[10.95586,35.03364],[10.86621,34.88433],[10.69092,34.67847],[10.53486,34.54473],[10.20039,34.34604],[10.11836,34.28008],[10.06484,34.21162],[10.04004,34.14033],[10.04902,34.0563],[10.15898,33.85005],[10.30527,33.72827],[10.4543,33.6625],[10.71318,33.68901],[10.7043,33.60967],[10.72275,33.5144],[10.82812,33.5189],[10.89844,33.53369],[10.95801,33.62632],[11.08457,33.56289],[11.15029,33.36924],[11.25742,33.30884],[11.26992,33.28633],[11.23213,33.27158],[11.20264,33.24922],[11.23428,33.23359],[11.33809,33.20947],[11.40059,33.2249],[11.50459,33.18193],[11.65713,33.1189],[11.81348,33.0937],[12.27988,32.85854],[12.42705,32.8291],[12.75352,32.80107],[13.13809,32.89736],[13.2835,32.91465],[13.53633,32.82427],[13.64775,32.79883],[13.83535,32.7918],[14.15566,32.70977],[14.23711,32.68125],[14.42383,32.55029],[14.51338,32.51108],[15.17656,32.39116],[15.26689,32.31167],[15.35908,32.15967],[15.36309,31.97119],[15.41406,31.83423],[15.49639,31.65679],[15.5958,31.5311],[15.70596,31.42642],[15.83223,31.36099],[16.12305,31.26445],[16.45098,31.22729],[16.78154,31.21475],[17.34922,31.08149],[17.83047,30.92759],[17.94932,30.8519],[18.19043,30.77729],[18.66982,30.41567],[18.93643,30.29043],[19.12373,30.26611],[19.2917,30.28809],[19.58984,30.41377],[19.71328,30.48838],[20.01318,30.80068],[20.11152,30.96372],[20.15098,31.07861],[20.14111,31.19551],[20.10381,31.30054],[20.02002,31.41064],[19.96123,31.55601],[19.92637,31.81753],[19.97344,31.99907],[20.03096,32.10786],[20.12148,32.21875],[20.37061,32.43076],[20.62109,32.58018],[21.0623,32.77554],[21.31875,32.77769],[21.42471,32.79917],[21.63594,32.9373],[21.72139,32.94248],[21.83945,32.90864],[22.1874,32.91826],[22.34063,32.87988],[22.52344,32.79395],[22.7541,32.74053],[22.91689,32.68716],[23.09063,32.61875],[23.12969,32.44814],[23.11045,32.39741],[23.10625,32.33145],[23.28633,32.21382],[23.79766,32.15869],[23.89844,32.1272],[24.03896,32.03701],[24.12969,32.00923],[24.47979,31.99653],[24.68389,32.01597],[24.87852,31.98428],[24.95068,31.95371],[25.025,31.88335],[25.11504,31.7123],[25.15049,31.65498],[25.22549,31.53379],[25.38223,31.51279],[25.89326,31.6209],[26.45732,31.51211],[26.76865,31.47036],[27.24805,31.37788],[27.54004,31.2127],[27.62012,31.19175],[27.82998,31.19502],[27.96758,31.09741],[28.51484,31.05044],[28.80693,30.94268],[28.97275,30.85674],[29.07207,30.83027],[29.15996,30.83457],[29.27891,30.86694],[29.42852,30.92744],[29.5916,31.01152],[29.92979,31.22749],[30.04941,31.26543],[30.12754,31.25566],[30.22266,31.2584],[30.2623,31.31685],[30.3123,31.35703],[30.34375,31.40273],[30.39512,31.45762],[30.571,31.473],[30.92354,31.56685],[30.88418,31.52236],[30.56299,31.41699],[30.70049,31.40386],[30.84141,31.43989],[31.00176,31.46279],[31.03086,31.50757],[31.05195,31.59155],[31.08291,31.60332],[31.19395,31.5876],[31.52441,31.45825],[31.60654,31.45576],[31.83926,31.52632],[31.88896,31.54141],[31.96426,31.5021],[32.13604,31.34106],[32.07607,31.34448],[31.89219,31.48247],[31.87588,31.41372],[31.77109,31.29258],[31.90205,31.24019],[32.0085,31.22051],[32.06563,31.15298],[32.10176,31.09282],[32.20654,31.11904],[32.28184,31.20088],[32.24277,31.24653],[32.21621,31.29375],[32.25059,31.29492],[32.32354,31.25605],[32.53281,31.10073],[32.60332,31.06875],[32.68457,31.07402],[32.85449,31.11772],[32.90156,31.11094],[33.12988,31.16816],[33.15674,31.12622],[33.19434,31.08452],[33.37793,31.13096],[33.6665,31.13042],[33.90254,31.18096],[34.17627,31.30391],[34.19814,31.32261],[34.3873,31.48379],[34.47734,31.58486],[34.48398,31.59229],[34.67842,31.8957],[34.80381,32.19634],[34.92188,32.61406],[35.00586,32.82661],[35.07705,32.96719],[35.10859,33.08369],[35.15508,33.16001],[35.20352,33.25898],[35.25137,33.39263],[35.33574,33.50347],[35.51084,33.87974],[35.61182,34.03218],[35.64785,34.24824],[35.8043,34.4374],[35.92139,34.49331],[35.97793,34.54741],[35.97627,34.6292],[35.89932,34.8521],[35.88789,34.94863],[35.88994,35.0603],[35.94307,35.22383],[35.91807,35.29951],[35.91602,35.35054],[35.90244,35.4207],[35.76445,35.57158],[35.83965,35.84922],[35.89268,35.91655],[35.95693,35.99814],[35.88711,36.15908],[35.81094,36.30986],[35.88281,36.40635],[36.03174,36.52271],[36.18848,36.65898],[36.18818,36.74307],[36.18008,36.80723],[36.13516,36.85161],[36.04893,36.9106],[35.90459,36.84761],[35.80156,36.77808],[35.73428,36.76396],[35.66113,36.72432],[35.62559,36.65278],[35.5374,36.59702],[35.39316,36.5752],[35.17617,36.63486],[34.94316,36.72568],[34.81123,36.79927],[34.70361,36.8168],[34.60137,36.78447],[34.29961,36.6042],[34.02344,36.34077],[33.95488,36.29521],[33.69473,36.18198],[33.52275,36.14399],[33.4418,36.15283],[33.09951,36.10298],[32.92949,36.0957],[32.79482,36.03589],[32.53379,36.10073],[32.37773,36.18364],[32.28379,36.26787],[32.13057,36.44912],[32.02197,36.5353],[31.77793,36.61279],[31.35254,36.80107],[31.24063,36.82173],[30.95029,36.84868],[30.64404,36.86567],[30.58203,36.79717],[30.5585,36.52583],[30.50605,36.45112],[30.48359,36.3104],[30.44609,36.26987],[30.3873,36.24326],[30.29541,36.2877],[30.23164,36.30732],[30.0832,36.24937],[29.78926,36.16807],[29.68906,36.15669],[29.34834,36.25884],[29.22363,36.32446],[29.14326,36.39722],[29.11611,36.52012],[29.06553,36.59009],[29.05811,36.63813],[29.03828,36.69346],[28.96963,36.71533],[28.8959,36.67358],[28.81689,36.67529],[28.71768,36.70088],[28.48359,36.80381],[28.30371,36.81196],[28.19561,36.68633],[28.11152,36.64639],[28.01943,36.63447],[28.01416,36.67021],[28.08398,36.75146],[27.80381,36.73647],[27.65586,36.67461],[27.54043,36.68423],[27.45391,36.71216],[27.46689,36.74634],[27.55469,36.75889],[27.63086,36.78667],[27.93447,36.80928],[28.00537,36.83198],[28.08301,36.92026],[28.22441,36.99639],[28.24238,37.02905],[28.13369,37.02949],[27.66836,37.00742],[27.34893,37.01958],[27.31104,36.98188],[27.26299,36.97656],[27.24971,37.07915],[27.3002,37.12686],[27.36816,37.12241],[27.53506,37.16387],[27.52012,37.24912],[27.40059,37.30674],[27.37627,37.34072],[27.28955,37.34868],[27.21924,37.38916],[27.20391,37.49141],[27.14795,37.60361],[27.06797,37.65791],[27.07783,37.6877],[27.22441,37.72544],[27.25479,37.88232],[27.23242,37.97866],[27.15869,37.98687],[26.94385,38.06289],[26.87861,38.05479],[26.80742,38.13833],[26.68281,38.19834],[26.62109,38.17637],[26.58242,38.14927],[26.52471,38.16226],[26.42793,38.21436],[26.33291,38.24248],[26.29072,38.2772],[26.34365,38.37007],[26.41641,38.36787],[26.42969,38.44062],[26.37227,38.56191],[26.37783,38.62417],[26.44131,38.64121],[26.51357,38.62949],[26.58652,38.55703],[26.61035,38.48691],[26.59502,38.4186],[26.64131,38.35244],[26.67422,38.33574],[26.69639,38.40537],[26.72734,38.4186],[26.76992,38.38818],[26.86143,38.37295],[27.09863,38.41572],[27.14424,38.45195],[26.97041,38.44785],[26.90684,38.48174],[26.83779,38.55757],[26.79531,38.62642],[26.7877,38.66021],[26.76367,38.70962],[26.79014,38.73608],[26.90918,38.77578],[27.01367,38.88687],[26.97012,38.91904],[26.92031,38.93423],[26.86621,38.92295],[26.81494,38.96099],[26.8083,39.01392],[26.84932,39.05674],[26.85361,39.11562],[26.71934,39.26064],[26.68184,39.29224],[26.71074,39.33965],[26.81328,39.41904],[26.91094,39.51733],[26.89922,39.54966],[26.82705,39.56289],[26.48408,39.5207],[26.35078,39.48408],[26.11309,39.46738],[26.096,39.5208],[26.10137,39.56895],[26.15469,39.65664],[26.1498,39.87285],[26.18135,39.99009],[26.31338,40.025],[26.47539,40.19727],[26.73809,40.40024],[27.01211,40.39634],[27.12168,40.45234],[27.28457,40.45562],[27.31416,40.41489],[27.33262,40.37593],[27.47559,40.31992],[27.72803,40.32881],[27.78936,40.35088],[27.84854,40.38174],[27.73184,40.48149],[27.76914,40.50962],[27.8749,40.51294],[27.98955,40.48945],[27.99482,40.4666],[27.96436,40.4353],[27.92891,40.38042],[27.9626,40.36987],[28.28906,40.40303],[28.63027,40.37646],[28.73887,40.39087],[29.00713,40.38975],[29.05518,40.42417],[28.97402,40.46738],[28.89463,40.48242],[28.84121,40.50347],[28.78789,40.53403],[28.95801,40.63057],[29.0541,40.64912],[29.50762,40.7084],[29.84492,40.73809],[29.84922,40.76011],[29.80059,40.76016],[29.36475,40.80928],[29.25977,40.84731],[29.11387,40.93784],[29.08223,40.96343],[29.04551,41.00757],[29.06738,41.10166],[29.09434,41.17725],[29.14814,41.22104],[29.32227,41.22773],[29.91934,41.15083],[30.34492,41.19692],[30.81006,41.08486],[31.25488,41.10762],[31.34668,41.15791],[31.45801,41.32002],[32.08643,41.58921],[32.30645,41.72959],[32.54219,41.8064],[32.94668,41.89175],[33.28477,42.00459],[33.38135,42.01758],[34.19297,41.96367],[34.75049,41.95684],[35.00645,42.06328],[35.15488,42.02754],[35.14102,41.9895],[35.11406,41.95698],[35.12207,41.89111],[35.20918,41.79438],[35.29775,41.72852],[35.55801,41.63403],[35.91982,41.71372],[35.97813,41.70483],[36.05176,41.68257],[36.1792,41.42656],[36.27842,41.33613],[36.40537,41.27461],[36.50967,41.2625],[36.58711,41.32666],[36.64707,41.35254],[36.77773,41.36348],[36.99199,41.27539],[37.06621,41.18442],[37.43096,41.11411],[37.76562,41.07891],[37.91006,41.0019],[38.38105,40.92451],[38.55693,40.93652],[38.85215,41.01768],[39.42637,41.10645],[39.80791,40.98252],[39.91113,40.96646],[40.0002,40.97715],[40.12842,40.94302],[40.26523,40.96133],[40.6875,41.10742],[40.81953,41.19023],[40.95947,41.21162],[41.08359,41.26118],[41.41436,41.42363],[41.51006,41.51748],[41.70176,41.70542],[41.75879,41.81714],[41.76074,41.88486],[41.76299,41.97002],[41.66328,42.14687],[41.57773,42.39785],[41.48877,42.65933],[41.41943,42.73765],[41.12871,42.82812],[41.06162,42.93086],[40.83662,43.06348],[40.52402,43.12104],[40.46211,43.1457],[40.19063,43.3124],[39.97832,43.41982],[39.87363,43.4728],[39.5167,43.72788],[39.32939,43.89727],[38.71729,44.28809],[38.63584,44.31802],[38.31182,44.37446],[38.18125,44.41968],[37.85146,44.69883],[37.70488,44.66138],[37.57246,44.67085],[37.49512,44.69526],[37.41133,44.73535],[37.35234,44.78838],[37.28408,44.90503],[37.20479,44.97197],[36.94443,45.06958],[36.65078,45.12646],[36.62764,45.15132],[36.61914,45.1855],[36.87305,45.25176],[36.94121,45.2897],[36.81104,45.34004],[36.76162,45.34834],[36.72041,45.37187],[36.79375,45.40972],[36.86592,45.42705],[36.97783,45.38359],[37.10352,45.30288],[37.21357,45.27231],[37.26426,45.31094],[37.64717,45.3772],[37.67295,45.42974],[37.67188,45.48838],[37.63438,45.48633],[37.60996,45.49951],[37.6124,45.5647],[37.66924,45.65405],[37.84092,45.79956],[37.93311,46.00171],[38.01426,46.04775],[38.07383,46.01709],[38.06973,45.96987],[38.07959,45.93481],[38.13281,46.00283],[38.18359,46.09482],[38.31182,46.09536],[38.40039,46.08003],[38.49229,46.09053],[38.31523,46.24194],[38.07773,46.39434],[37.97754,46.38286],[37.91387,46.40649],[37.80957,46.53208],[37.7665,46.63613],[37.86738,46.63379],[37.96797,46.61802],[38.15947,46.69067],[38.22998,46.70127],[38.34346,46.67832],[38.50098,46.66367],[38.48799,46.73218],[38.43867,46.81309],[38.63076,46.87305],[38.80107,46.90615],[39.12676,47.02344],[39.2707,47.04414],[39.28906,47.0709],[39.29346,47.10576],[39.24453,47.19951],[39.1957,47.26885],[39.02373,47.27222],[38.92832,47.17568],[38.66816,47.14395],[38.55244,47.15034],[38.64434,47.21221],[38.73604,47.23584],[38.76191,47.26162],[38.57725,47.23911],[38.48477,47.17554],[38.21436,47.09146],[38.17832,47.08022],[37.82871,47.09585],[37.54336,47.07456],[37.33984,46.91689],[37.21855,46.91733],[37.04756,46.87622],[36.93203,46.82515],[36.79482,46.7144],[36.68867,46.76411],[36.55879,46.7627],[36.43203,46.73257],[36.27949,46.65859],[36.19463,46.64551],[36.0249,46.6668],[35.82715,46.62432],[35.4002,46.3814],[35.25664,46.20391],[35.20439,46.16919],[35.13232,46.12588],[35.05527,46.104],[35.01455,46.10601],[35.21777,46.23218],[35.28018,46.27949],[35.29092,46.3144],[35.29199,46.3707],[35.23037,46.44062],[35.06406,46.26724],[34.96953,46.24209],[34.84961,46.18989],[34.84375,46.07358],[34.85732,45.98735],[34.90664,45.87881],[35.02285,45.70098],[35.26016,45.44692],[35.37393,45.35361],[35.45752,45.31631],[35.55801,45.31089],[35.75098,45.38936],[35.8335,45.40161],[36.01289,45.37168],[36.07715,45.42412],[36.17051,45.45308],[36.29033,45.45674],[36.42705,45.43325],[36.575,45.39355],[36.51426,45.30376],[36.45078,45.23232],[36.42842,45.15327],[36.39336,45.06538],[36.22988,45.02598],[36.05479,45.03081],[35.87012,45.00532],[35.80361,45.0396],[35.75947,45.07085],[35.67754,45.102],[35.56953,45.11934],[35.47256,45.09849],[35.35781,44.97842],[35.15479,44.89634],[35.0877,44.80264],[34.88779,44.82358],[34.71689,44.80713],[34.46992,44.72168],[34.28174,44.53843],[34.07441,44.42383],[33.90996,44.3876],[33.75566,44.39893],[33.65586,44.4332],[33.45068,44.55366],[33.4627,44.59683],[33.49131,44.6186],[33.53008,44.68052],[33.61221,44.90781],[33.60117,44.98149],[33.55518,45.09766],[33.39248,45.18784],[33.26152,45.17075],[33.18691,45.19478],[32.91865,45.34814],[32.77266,45.35898],[32.61133,45.32808],[32.55186,45.35039],[32.50801,45.40381],[32.82803,45.59302],[33.14229,45.74922],[33.28008,45.76523],[33.46621,45.83794],[33.66484,45.94707],[33.63672,46.03286],[33.59414,46.09624],[33.49883,46.07886],[33.42988,46.05762],[33.26348,46.12568],[33.20225,46.17573],[32.9418,46.12378],[32.79688,46.13149],[32.47676,46.08369],[32.32988,46.13037],[32.03574,46.26099],[31.9252,46.28726],[31.83125,46.28169],[31.77998,46.32466],[31.84287,46.34614],[31.91592,46.34868],[31.9917,46.3644],[32.01309,46.38716],[32.0085,46.42998],[31.85576,46.46245],[31.71367,46.47178],[31.62363,46.51025],[31.55488,46.5543],[31.71602,46.55498],[31.87793,46.52168],[32.13145,46.50937],[32.36133,46.47495],[32.41895,46.51777],[32.55254,46.59199],[32.57803,46.61562],[32.3541,46.56484],[32.12725,46.59722],[32.04434,46.64248],[31.97432,46.70879],[31.94492,46.78437],[31.96406,46.85483],[31.93955,46.98198],[31.86475,47.09512],[31.83818,47.15723],[31.75918,47.21284],[31.83691,47.08701],[31.86592,47.00327],[31.9127,46.92612],[31.90166,46.72163],[31.87285,46.64976],[31.77959,46.63164],[31.65703,46.64243],[31.53213,46.66475],[31.56338,46.77729],[31.49688,46.73838],[31.40293,46.62881],[31.32031,46.6125],[31.13682,46.62446],[30.79629,46.552],[30.77285,46.47305],[30.72168,46.36621],[30.67227,46.304],[30.65674,46.2665],[30.51152,46.10537],[30.49297,46.09014],[30.21904,45.86675],[30.18418,45.84995],[30.00664,45.79795],[29.90166,45.75239],[29.82119,45.73208],[29.68506,45.75469],[29.62842,45.72246],[29.60166,45.68252],[29.60117,45.6],[29.67031,45.54067],[29.72695,45.34331],[29.70586,45.25991],[29.68906,45.19321],[29.67861,45.15166],[29.63535,44.97964],[29.60547,44.91548],[29.55752,44.84341],[29.04824,44.75757],[29.08105,44.79883],[29.06914,44.87114],[29.04775,44.92568],[29.09531,44.97505],[28.98066,44.99292],[28.93057,44.96582],[28.8915,44.91865],[28.92617,44.81001],[28.87041,44.74995],[28.84902,44.71631],[28.84648,44.63687],[28.81357,44.60249],[28.80703,44.56504],[28.88818,44.57476],[28.85176,44.5061],[28.69922,44.37422],[28.64541,44.29565],[28.65859,43.98384],[28.59072,43.79741],[28.58535,43.74224],[28.56182,43.50132],[28.46543,43.38931],[28.31963,43.42686],[28.13369,43.39561],[28.03516,43.26826],[27.9793,43.23052],[27.92891,43.18613],[27.89648,43.0207],[27.88887,42.74971],[27.81836,42.71665],[27.75371,42.70654],[27.48477,42.46807],[27.63955,42.40098],[27.7082,42.34995],[27.82139,42.20801],[27.98271,42.04741],[28.01445,41.96904],[27.9873,41.85488],[28.05029,41.72915],[28.19785,41.55449],[28.34639,41.46636],[28.94678,41.24839],[29.05723,41.22974],[29.03213,41.14048],[28.996,41.06113],[28.95625,41.0082],[28.78037,40.97417],[28.29492,41.07148],[28.17217,41.08071],[28.08555,41.06133],[27.9252,40.99058],[27.74736,41.01328],[27.49941,40.97314],[27.43018,40.83994],[27.25801,40.68735],[26.97461,40.56401],[26.77207,40.49805],[26.46797,40.26147],[26.32998,40.12339],[26.27178,40.09658],[26.20273,40.07539],[26.22598,40.1417],[26.26016,40.20239],[26.25234,40.24814],[26.25381,40.3147],[26.35527,40.39023],[26.44746,40.44502],[26.72031,40.54424],[26.79209,40.62661],[26.57812,40.62466],[26.36094,40.60635],[26.22422,40.61807],[26.10547,40.61133],[26.06777,40.6834],[26.03896,40.72676],[26.01074,40.76914],[25.85566,40.84409],[25.49678,40.88779],[25.32529,40.94312],[25.2501,40.93281],[25.10449,40.99473],[25.00469,40.96753],[24.79297,40.85752],[24.67871,40.86948],[24.55654,40.9356],[24.47705,40.94775],[24.38379,40.91274],[24.23438,40.78613],[24.08232,40.72407],[23.94609,40.74834],[23.76279,40.7478],[23.74326,40.677],[23.77871,40.62798],[23.87891,40.54438],[23.83193,40.48154],[23.8668,40.41855],[23.93203,40.40576],[24.03057,40.40933],[24.21279,40.32778],[24.29248,40.2418],[24.34336,40.14771],[24.23242,40.21519],[24.15879,40.28003],[24.05605,40.30356],[23.91318,40.35879],[23.82344,40.36802],[23.72793,40.32974],[23.72051,40.28628],[23.82344,40.20513],[23.91758,40.15522],[23.96748,40.11455],[24.00078,40.02461],[23.98184,39.99404],[23.94707,39.96558],[23.83535,40.02227],[23.66455,40.22383],[23.42627,40.26396],[23.38643,40.22197],[23.4332,40.11543],[23.46709,40.07393],[23.67412,39.95889],[23.65752,39.93447],[23.62734,39.92407],[23.39561,39.98984],[23.32822,40.08994],[23.31201,40.21646],[23.09814,40.3043],[22.89648,40.3999],[22.85137,40.49062],[22.89287,40.52427],[22.92227,40.59087],[22.81143,40.57861],[22.74189,40.53647],[22.62949,40.49556],[22.6249,40.42861],[22.64268,40.3666],[22.60547,40.27642],[22.56934,40.11934],[22.59219,40.03691],[22.83574,39.80059],[22.91904,39.62891],[22.97881,39.56382],[23.10342,39.49204],[23.2334,39.35845],[23.28848,39.28882],[23.32773,39.1749],[23.21836,39.10439],[23.15469,39.10146],[23.11943,39.13276],[23.16875,39.21045],[23.16172,39.25776],[22.99287,39.33105],[22.92139,39.30635],[22.83896,39.25859],[22.88604,39.16997],[22.93896,39.11152],[22.96553,39.03091],[23.0667,39.03794],[22.93047,38.94771],[22.80264,38.90161],[22.67686,38.89893],[22.59678,38.89058],[22.56914,38.86748],[22.63428,38.85068],[22.6875,38.84917],[22.77402,38.80039],[23.02031,38.74189],[23.1377,38.66797],[23.25293,38.66123],[23.36895,38.52554],[23.56963,38.4894],[23.68398,38.35244],[23.83604,38.32549],[23.96699,38.275],[24.00537,38.22681],[24.02451,38.13979],[24.03301,37.95532],[24.06133,37.81792],[24.0623,37.77451],[24.05537,37.70962],[24.01973,37.67773],[23.97158,37.67676],[23.87734,37.77778],[23.73281,37.88408],[23.58047,38.01055],[23.53721,38.03276],[23.50176,38.03486],[23.42021,37.99209],[23.19365,37.95903],[23.0874,37.91284],[23.04746,37.90264],[23.03633,37.87837],[23.08613,37.85312],[23.14717,37.79531],[23.14717,37.71626],[23.19756,37.62021],[23.2627,37.59541],[23.34756,37.59756],[23.39619,37.57979],[23.40879,37.54155],[23.45811,37.49692],[23.49063,37.46387],[23.48926,37.44019],[23.25254,37.37729],[23.20303,37.34854],[23.16152,37.33384],[23.1,37.36377],[23.09648,37.44058],[23.01514,37.48179],[22.94053,37.51709],[22.85107,37.53223],[22.775,37.58511],[22.72539,37.54214],[22.76504,37.39331],[22.85107,37.29082],[22.99502,37.01587],[23.06035,36.85352],[23.07354,36.77495],[23.04102,36.64453],[23.11172,36.54761],[23.16016,36.4481],[23.10684,36.45186],[23.06055,36.48696],[22.98291,36.52837],[22.83232,36.68711],[22.77988,36.78618],[22.71719,36.79395],[22.6084,36.77974],[22.48906,36.56816],[22.48945,36.44692],[22.42773,36.47578],[22.3748,36.51357],[22.38125,36.64619],[22.37598,36.7019],[22.23115,36.88257],[22.16475,36.90283],[22.13379,36.96392],[22.08047,37.02896],[22.01172,37.0165],[21.95557,36.99009],[21.94004,36.8918],[21.93428,36.80366],[21.89238,36.7373],[21.73809,36.86323],[21.58291,37.08096],[21.57881,37.20039],[21.69248,37.30928],[21.67891,37.38721],[21.57129,37.54102],[21.41621,37.63994],[21.3293,37.66934],[21.28848,37.77451],[21.20527,37.82886],[21.13799,37.85415],[21.12471,37.8916],[21.14502,37.91929],[21.30811,38.02744],[21.40371,38.19668],[21.45117,38.20474],[21.54873,38.1646],[21.6584,38.1751],[21.74844,38.27422],[21.82471,38.32812],[21.95332,38.32119],[22.24375,38.18872],[22.55586,38.11323],[22.71152,38.04692],[22.79961,37.9812],[22.84639,37.96758],[22.92031,37.9583],[22.91699,38.00747],[22.89316,38.05093],[22.95479,38.07461],[23.12207,38.07334],[23.15254,38.09639],[23.1835,38.13369],[23.14893,38.17607],[23.09355,38.19644],[23.03438,38.2021],[22.99541,38.21553],[22.93252,38.20195],[22.83438,38.23472],[22.78369,38.26172],[22.75391,38.2895],[22.5834,38.34492],[22.42168,38.43853],[22.38525,38.38555],[22.31992,38.35684],[22.22686,38.35283],[21.96533,38.41245],[21.80469,38.36694],[21.71709,38.35503],[21.6501,38.354],[21.56768,38.33359],[21.47256,38.32139],[21.39014,38.40781],[21.35547,38.4748],[21.33105,38.4873],[21.32979,38.42437],[21.30332,38.37393],[21.18262,38.34556],[21.11318,38.38467],[21.05977,38.50327],[20.99219,38.654],[20.87324,38.77573],[20.77686,38.80752],[20.76855,38.87441],[20.77734,38.92788],[20.89316,38.94111],[21.07422,38.88516],[21.11162,38.89629],[21.15234,38.92207],[21.14453,38.9792],[21.11836,39.02998],[21.06855,39.03228],[21.03408,39.02627],[20.92275,39.03677],[20.77969,39.00854],[20.71338,39.03516],[20.69131,39.06748],[20.57168,39.14771],[20.46826,39.25527],[20.30078,39.3271],[20.19141,39.5458],[20.09941,39.64126],[20.00127,39.70942],[19.99561,39.80103],[19.96484,39.87227],[19.85186,40.04355],[19.48457,40.20996],[19.39814,40.28486],[19.36016,40.34771],[19.32227,40.40708],[19.35859,40.40874],[19.39453,40.3937],[19.44053,40.37568],[19.45918,40.40537],[19.43926,40.47026],[19.34463,40.62207],[19.3375,40.66382],[19.38389,40.79072],[19.46123,40.9333],[19.45605,41.10605],[19.48008,41.23638],[19.45342,41.321],[19.44063,41.42476],[19.49736,41.5627],[19.5458,41.59683],[19.57568,41.64043],[19.57754,41.7875],[19.46826,41.85615],[19.34238,41.86909],[19.18643,41.94863],[19.12227,42.0605],[18.89424,42.24946],[18.63291,42.37808],[18.61904,42.39839],[18.6334,42.42314],[18.6459,42.44272],[18.5916,42.44419],[18.55352,42.42852],[18.51748,42.43291],[18.33301,42.52788],[18.16064,42.63403],[17.82383,42.79741],[17.58496,42.83716],[17.2582,42.96846],[17.04541,43.01489],[17.12646,43.02559],[17.21982,43.02588],[17.72363,42.85068],[17.66758,42.89712],[17.58516,42.93838],[17.5373,42.96226],[17.32988,43.11489],[17.12939,43.21113],[16.90313,43.39243],[16.60029,43.46406],[16.39395,43.54336],[16.26895,43.53125],[16.13105,43.5063],[16.046,43.50552],[15.98555,43.51978],[15.94258,43.56895],[15.94912,43.60698],[15.9415,43.65664],[15.82061,43.73594],[15.65566,43.81128],[15.49941,43.90879],[15.18584,44.17212],[15.12295,44.25679],[15.18467,44.2729],[15.23135,44.27144],[15.28428,44.28882],[15.36973,44.28926],[15.471,44.27197],[15.38135,44.32827],[15.26982,44.3835],[14.98135,44.60293],[14.89521,44.70659],[14.88525,44.81826],[14.90654,44.97139],[14.85459,45.08101],[14.63203,45.2229],[14.55049,45.29771],[14.38613,45.34214],[14.3127,45.33779],[14.26855,45.28252],[14.23633,45.15967],[14.09063,44.99761],[14.04199,44.9272],[13.96582,44.83564],[13.8998,44.82935],[13.86074,44.8374],[13.74248,44.9915],[13.6293,45.1082],[13.61348,45.16343],[13.60332,45.2314],[13.51719,45.48179],[13.57793,45.51689],[13.6373,45.53594],[13.71982,45.5876],[13.7833,45.62725],[13.62832,45.77095],[13.5582,45.7707],[13.46514,45.70996],[13.20635,45.77139],[13.15674,45.74658],[13.12012,45.6979],[13.03027,45.6375],[12.90303,45.61079],[12.76123,45.54429],[12.61172,45.49722],[12.49756,45.46167],[12.43213,45.46792],[12.53613,45.54492],[12.4918,45.54629],[12.35381,45.49199],[12.27432,45.44604],[12.24883,45.36885],[12.22568,45.2415],[12.28633,45.20771],[12.39248,45.03979],[12.52344,44.96797],[12.49795,44.89941],[12.46357,44.84521],[12.38447,44.79834],[12.31904,44.83311],[12.27891,44.83223],[12.24834,44.72251],[12.30498,44.42944],[12.39629,44.22388],[12.48682,44.13423],[12.69111,43.99473],[12.90703,43.92119],[13.29531,43.68608],[13.5082,43.61167],[13.56416,43.57129],[13.69326,43.38989],[13.80469,43.18037],[13.9249,42.85156],[14.01045,42.68955],[14.18271,42.50645],[14.54072,42.24429],[14.86611,42.05254],[15.16875,41.93403],[15.40498,41.91323],[15.96406,41.93945],[16.06152,41.92812],[16.16465,41.89619],[16.18916,41.81401],[16.15127,41.7585],[16.03369,41.70078],[15.91377,41.62085],[15.90049,41.51206],[16.0126,41.4354],[16.55186,41.23203],[17.10342,41.06216],[17.2752,40.97544],[17.47422,40.84058],[17.95498,40.65518],[18.03613,40.56494],[18.32822,40.37085],[18.46064,40.22104],[18.48584,40.10483],[18.42256,39.98687],[18.39346,39.90361],[18.34375,39.82139],[18.21934,39.85254],[18.07793,39.93696],[17.86504,40.28018],[17.47617,40.31494],[17.3958,40.34023],[17.25771,40.39907],[17.24941,40.43789],[17.21533,40.48643],[17.17998,40.50278],[17.03125,40.51348],[16.92822,40.45806],[16.80703,40.32646],[16.66963,40.13721],[16.52998,39.85967],[16.52188,39.74756],[16.59775,39.63892],[16.82432,39.57832],[16.99922,39.48159],[17.11455,39.38062],[17.12295,39.13657],[17.17461,38.9981],[17.09854,38.91934],[16.95146,38.93979],[16.75547,38.8897],[16.6167,38.80015],[16.55898,38.71479],[16.57422,38.49355],[16.54561,38.40908],[16.28242,38.24956],[16.14414,38.08638],[16.10977,38.01865],[16.05684,37.94185],[15.72451,37.93911],[15.6458,38.03423],[15.64307,38.17539],[15.7002,38.2623],[15.82236,38.30298],[15.90479,38.4835],[15.87891,38.61392],[15.92695,38.67173],[15.97236,38.7126],[16.06553,38.73643],[16.19678,38.75923],[16.20996,38.94111],[16.10742,39.02383],[16.07148,39.13945],[16.02363,39.35361],[15.85439,39.62651],[15.76367,39.87007],[15.69277,39.99019],[15.58516,40.05283],[15.39092,40.05215],[15.29453,40.07002],[14.95088,40.23901],[14.92695,40.26475],[14.9291,40.30957],[14.98613,40.37749],[14.94766,40.46934],[14.90693,40.55605],[14.83955,40.62998],[14.76572,40.66841],[14.61123,40.64478],[14.55693,40.62642],[14.45938,40.63271],[14.38271,40.59985],[14.33994,40.59883],[14.46055,40.72871],[14.42813,40.75933],[14.30889,40.81265],[14.14717,40.8207],[14.10234,40.82715],[14.07588,40.79395],[14.04434,40.81226],[14.04766,40.87031],[13.85977,41.12998],[13.7334,41.23564],[13.66973,41.25449],[13.55479,41.23218],[13.36191,41.27852],[13.24688,41.28887],[13.1834,41.27769],[13.08867,41.24385],[13.04102,41.26621],[13.02422,41.30093],[12.84922,41.40874],[12.63086,41.46968],[12.20566,41.81265],[12.07529,41.94087],[11.80703,42.08203],[11.6373,42.28755],[11.49844,42.36294],[11.29629,42.42329],[11.24971,42.41572],[11.18887,42.39312],[11.14121,42.38989],[11.10322,42.4166],[11.1418,42.44409],[11.18477,42.45659],[11.16777,42.53516],[10.93779,42.73872],[10.80313,42.8043],[10.76514,42.84468],[10.73711,42.89995],[10.7084,42.93633],[10.64463,42.95718],[10.59023,42.95361],[10.51484,42.96753],[10.51729,43.06514],[10.53232,43.14014],[10.5208,43.20381],[10.44756,43.37119],[10.32051,43.51309],[10.2458,43.8521],[10.18809,43.94751],[10.04766,44.01997],[9.73086,44.10117],[9.28936,44.31924],[9.196,44.323],[8.93037,44.40776],[8.76582,44.42231],[8.55195,44.34614],[8.29238,44.13652],[8.08164,43.91895],[8.00498,43.87676],[7.7333,43.80259],[7.49316,43.76714],[7.26152,43.69609],[7.18145,43.65913],[6.86475,43.43833],[6.7166,43.37358],[6.6874,43.33457],[6.65723,43.26167],[6.57021,43.19907],[6.49404,43.16929],[6.30537,43.13872],[6.11592,43.07236],[6.03057,43.10098],[5.80947,43.0979],[5.67158,43.17783],[5.40654,43.22852],[5.32021,43.34492],[5.19951,43.35249],[5.12041,43.34897],[5.07314,43.3666],[5.06084,43.4063],[5.05977,43.44453],[4.97598,43.42695],[4.91191,43.42695],[4.87373,43.41162],[4.84355,43.39395],[4.80791,43.40522],[4.78721,43.40142],[4.78906,43.37891],[4.71211,43.37329],[4.62871,43.38711],[4.40977,43.44722],[4.37617,43.4564],[4.22422,43.47964],[4.16279,43.50366],[4.11309,43.56304],[4.0751,43.58184],[4.05264,43.59307],[3.91084,43.56309],[3.86162,43.51636],[3.78477,43.46162],[3.25889,43.19321],[3.16289,43.08076],[3.05176,42.91514],[3.04307,42.83789],[3.09092,42.59087],[3.19785,42.46118],[3.21143,42.43115],[3.23984,42.36787],[3.28789,42.3437],[3.30674,42.28896],[3.21865,42.26035],[3.16641,42.25649],[3.15039,42.16245],[3.1752,42.13599],[3.22461,42.11113],[3.23809,42.08223],[3.24805,41.94424],[3.14688,41.86104],[3.00488,41.76743],[2.31094,41.4665],[2.14561,41.32075],[2.08262,41.2874],[1.5666,41.19561],[1.20586,41.09756],[1.03291,41.06206],[0.81689,40.8916],[0.71465,40.82285],[0.79609,40.80381],[0.89111,40.72236],[0.85918,40.68623],[0.72061,40.63047],[0.66006,40.61333],[0.62715,40.62222],[0.59609,40.6145],[0.36367,40.31904],[0.1584,40.10659],[0.04307,40.01396],[-0.07515,39.87593],[-0.327,39.51987],[-0.32896,39.41709],[-0.20493,39.0626],[-0.13379,38.96948],[-0.03413,38.89121],[0.15488,38.82466],[0.20156,38.75918],[0.13633,38.69678],[-0.05273,38.58569],[-0.38125,38.43564],[-0.5208,38.31729],[-0.55068,38.20312],[-0.64678,38.15186],[-0.6832,37.99204],[-0.74155,37.88613],[-0.75273,37.85024],[-0.81465,37.76992],[-0.8231,37.71162],[-0.72158,37.63105],[-0.77187,37.59624],[-0.82217,37.58076],[-0.93809,37.57134],[-1.32754,37.56113],[-1.64097,37.38696],[-1.79761,37.23286],[-1.93931,36.94585],[-2.11152,36.77666],[-2.1877,36.74546],[-2.30557,36.81982],[-2.45283,36.83115],[-2.5957,36.80649],[-2.67061,36.74756],[-2.78755,36.71475],[-2.90186,36.74316],[-3.14917,36.7585],[-3.25913,36.75576],[-3.43125,36.70791],[-3.57881,36.73984],[-3.82778,36.75605],[-4.36685,36.71812],[-4.43486,36.70024],[-4.50225,36.62915],[-4.67412,36.50645],[-4.9353,36.50205],[-5.17148,36.42378],[-5.23052,36.37363],[-5.32969,36.23574],[-5.36094,36.13491],[-5.38159,36.13408],[-5.40723,36.15889],[-5.4436,36.15059],[-5.4625,36.07378],[-5.55127,36.03882],[-5.62549,36.02593],[-5.8084,36.08833],[-5.96069,36.18174],[-6.04067,36.18843],[-6.17046,36.33379],[-6.22627,36.42646],[-6.26592,36.52651],[-6.25771,36.56484],[-6.26895,36.59673],[-6.38413,36.63701],[-6.41226,36.72886],[-6.32832,36.84814],[-6.25942,36.89897],[-6.2168,36.91357],[-6.32095,36.9085],[-6.39619,36.83164],[-6.49243,36.95464],[-6.88462,37.19424],[-6.85938,37.24917],[-6.86377,37.27891],[-6.92949,37.21494],[-6.97466,37.19844],[-7.17495,37.20879],[-7.40615,37.17944],[-7.4936,37.16831],[-7.83413,37.00571],[-7.9397,37.00542],[-8.13677,37.07705],[-8.48433,37.10005],[-8.59766,37.12134],[-8.73911,37.07461],[-8.84844,37.07568],[-8.93535,37.01602],[-8.9978,37.03228],[-8.92627,37.16606],[-8.81416,37.43081],[-8.81855,37.59243],[-8.79185,37.73281],[-8.82266,37.87187],[-8.87896,37.95869],[-8.80225,38.18384],[-8.81094,38.29976],[-8.8811,38.44668],[-8.66831,38.42432],[-8.73398,38.48242],[-8.79888,38.51816],[-8.86162,38.50996],[-8.91479,38.51211],[-9.096,38.45522],[-9.18672,38.43818],[-9.21328,38.4481],[-9.20337,38.53896],[-9.25039,38.65674],[-9.17783,38.68779],[-9.09331,38.69668],[-9.02148,38.74687],[-8.97705,38.80293],[-9.00049,38.90303],[-8.93809,38.9981],[-8.7916,39.07817],[-8.86748,39.06597],[-8.9543,39.01606],[-9.09102,38.83467],[-9.13579,38.74277],[-9.25229,38.71279],[-9.35674,38.6979],[-9.41021,38.70752],[-9.47412,38.73086],[-9.47974,38.79878],[-9.47476,38.85293],[-9.43145,38.96045],[-9.41436,39.11211],[-9.35283,39.24814],[-9.35723,39.28428],[-9.37476,39.33828],[-9.31963,39.39111],[-9.25142,39.42603],[-9.14829,39.54258],[-9.00405,39.82056],[-8.83784,40.11567],[-8.85132,40.15181],[-8.88662,40.17944],[-8.87266,40.25908],[-8.77241,40.60566],[-8.73159,40.65093],[-8.68462,40.75254],[-8.67397,40.9165],[-8.65557,41.02949],[-8.65981,41.08628],[-8.67461,41.15449],[-8.73838,41.28467],[-8.80566,41.56001],[-8.81084,41.65195],[-8.75542,41.69839],[-8.84639,41.70518],[-8.8876,41.7646],[-8.87822,41.83208],[-8.77715,41.94106],[-8.85234,41.9269],[-8.87832,41.94687],[-8.88721,42.10527],[-8.77246,42.2106],[-8.69092,42.27417],[-8.7292,42.28701],[-8.81582,42.28525],[-8.80996,42.33447],[-8.76938,42.35815],[-8.73003,42.41172],[-8.77617,42.43481],[-8.81211,42.47007],[-8.80991,42.56235],[-8.7999,42.5999],[-8.81152,42.64033],[-8.98779,42.58564],[-9.03311,42.59385],[-9.03506,42.66235],[-8.93721,42.7667],[-8.9272,42.79858],[-9.0416,42.81401],[-9.1272,42.86523],[-9.17944,42.91099],[-9.23521,42.9769],[-9.23564,43.03579],[-9.17808,43.17402],[-9.09556,43.21421],[-9.02451,43.23896],[-8.87368,43.33442],[-8.66562,43.3166],[-8.53706,43.33706],[-8.42158,43.38584],[-8.35547,43.39683],[-8.24893,43.4394],[-8.25229,43.49692],[-8.28887,43.5396],[-8.25674,43.57988],[-8.13716,43.62905],[-8.00469,43.69438],[-7.85273,43.70698],[-7.69814,43.76455],[-7.59458,43.72734],[-7.50361,43.73994],[-7.39932,43.6958],[-7.26196,43.59463],[-7.06099,43.55396],[-6.90068,43.58564],[-6.61729,43.59238],[-6.47568,43.57891],[-6.22412,43.60386],[-6.08013,43.59492],[-5.84668,43.64507],[-5.66582,43.58247],[-5.31572,43.55317],[-5.10527,43.50186],[-4.52305,43.41572],[-4.31279,43.41475],[-4.01533,43.46309],[-3.88936,43.49941],[-3.77402,43.47788],[-3.60464,43.51948],[-3.52363,43.51104],[-3.41787,43.45171],[-3.04561,43.37158],[-2.94771,43.4397],[-2.87505,43.45444],[-2.60708,43.41274],[-2.33711,43.32803],[-2.19668,43.32192],[-1.99131,43.34507],[-1.82852,43.40083],[-1.79404,43.40732],[-1.63145,43.43804],[-1.48486,43.56377],[-1.346,44.02021],[-1.24551,44.55986],[-1.1708,44.66182],[-1.07695,44.68984],[-1.15288,44.76401],[-1.20039,44.72646],[-1.22031,44.68662],[-1.24521,44.6667],[-1.18906,45.16147],[-1.14907,45.34263],[-1.08101,45.53242],[-0.94175,45.45708],[-0.82632,45.38066],[-0.76665,45.31436],[-0.69111,45.09346],[-0.63398,45.04712],[-0.54849,45.00059],[-0.58228,45.05137],[-0.64111,45.09019],[-0.73311,45.38462],[-0.79077,45.46802],[-0.88066,45.53818],[-1.16997,45.68594],[-1.196,45.71445],[-1.20996,45.7709],[-1.11436,45.76851],[-1.03174,45.74106],[-1.0415,45.77266],[-1.06602,45.80566],[-1.10439,45.92534],[-1.13638,46.20483],[-1.13203,46.25269],[-1.14629,46.31138],[-1.23882,46.32451],[-1.31279,46.3269],[-1.39248,46.3501],[-1.78652,46.51484],[-1.92144,46.68481],[-2.05937,46.8103],[-2.09248,46.86504],[-2.09028,46.92051],[-2.0189,47.03765],[-2.08193,47.11162],[-2.14355,47.12632],[-2.19707,47.16294],[-2.14858,47.22393],[-2.1083,47.26294],[-2.02759,47.27358],[-1.92173,47.26064],[-1.82129,47.22534],[-1.74253,47.21597],[-1.97539,47.31069],[-2.35303,47.27876],[-2.43442,47.29097],[-2.50312,47.31206],[-2.53003,47.38159],[-2.47632,47.41294],[-2.42769,47.4709],[-2.48271,47.51162],[-2.55405,47.52705],[-2.66592,47.52617],[-2.77031,47.51387],[-2.79678,47.53726],[-2.73311,47.60181],[-2.78721,47.62554],[-2.85938,47.61445],[-2.96406,47.60107],[-3.06421,47.62134],[-3.15884,47.69468],[-3.22158,47.69414],[-3.2647,47.68511],[-3.32861,47.71333],[-3.3959,47.72041],[-3.44395,47.71104],[-3.50781,47.75312],[-3.90093,47.83755],[-4.0707,47.84785],[-4.22642,47.80962],[-4.31211,47.8229],[-4.3751,47.87744],[-4.42798,47.96895],[-4.67881,48.0395],[-4.6292,48.08579],[-4.5124,48.09673],[-4.37783,48.12881],[-4.32944,48.16997],[-4.43462,48.21797],[-4.51221,48.22974],[-4.54434,48.24697],[-4.57715,48.29004],[-4.53066,48.30972],[-4.4979,48.29927],[-4.40332,48.29307],[-4.24141,48.30366],[-4.30176,48.34707],[-4.3644,48.35674],[-4.39316,48.36763],[-4.5248,48.37231],[-4.58472,48.35752],[-4.71938,48.36313],[-4.74854,48.41001],[-4.7625,48.45024],[-4.72075,48.53989],[-4.5312,48.61997],[-4.05889,48.70752],[-3.85566,48.69473],[-3.71479,48.7105],[-3.546,48.76567],[-3.47148,48.81294],[-3.23145,48.84082],[-3.00322,48.79067],[-2.79287,48.60107],[-2.69233,48.53682],[-2.44619,48.64829],[-2.07944,48.64502],[-2.00371,48.58208],[-1.97314,48.63511],[-1.90571,48.69712],[-1.85195,48.66885],[-1.82471,48.63052],[-1.43765,48.64141],[-1.37646,48.65259],[-1.48047,48.69761],[-1.56548,48.80552],[-1.58311,49.20239],[-1.69033,49.31318],[-1.81343,49.49014],[-1.87007,49.59512],[-1.87539,49.6314],[-1.85645,49.68379],[-1.70513,49.68096],[-1.58823,49.66768],[-1.36572,49.70728],[-1.25864,49.68018],[-1.26494,49.59824],[-1.23228,49.49487],[-1.19497,49.44482],[-1.13853,49.38789],[-0.95913,49.39316],[-0.76553,49.35972],[-0.5209,49.35454],[-0.16348,49.29678],[-0.01118,49.33022],[0.13613,49.40151],[0.41689,49.44839],[0.43926,49.47319],[0.27764,49.46328],[0.12939,49.50845],[0.10938,49.55752],[0.12656,49.60156],[0.18672,49.70303],[0.61621,49.86294],[0.92412,49.91021],[1.24551,49.99824],[1.40723,50.08853],[1.51406,50.20508],[1.54844,50.23071],[1.59277,50.2522],[1.55156,50.29395],[1.57949,50.73926],[1.60957,50.81948],[1.67227,50.88501],[1.76768,50.93569],[1.9125,50.99062],[2.4457,51.0665],[2.5249,51.09712],[2.96016,51.26543],[3.2252,51.35161],[3.3501,51.37769],[3.42578,51.39351],[3.58945,51.39941],[3.7165,51.36914],[3.8834,51.35449],[4.01104,51.39595],[4.11152,51.36064],[4.22617,51.38647],[4.13887,51.40151],[4.00654,51.44321],[3.82188,51.40937],[3.69355,51.4499],[3.58691,51.45391],[3.52051,51.48618],[3.44893,51.54077],[3.49961,51.57666],[3.54863,51.58911],[3.74395,51.59604],[3.88604,51.57422],[4.14131,51.45576],[4.20576,51.45669],[4.27412,51.47163],[4.23936,51.50391],[4.17549,51.51929],[4.08047,51.55112],[4.00479,51.59585],[4.18262,51.6103],[4.15801,51.63345],[4.13457,51.6729],[3.94688,51.81055],[3.97891,51.8478],[4.02607,51.92773],[4.08486,51.99409],[4.13174,52.01191],[4.20879,52.05898],[4.37627,52.19683],[4.48281,52.30918],[4.56211,52.44258],[4.67832,52.80977],[4.7127,52.87212],[4.76875,52.94131],[4.83906,52.92827],[4.88799,52.90835],[5.06123,52.96064],[5.3584,53.09648],[5.446,53.21406],[5.53203,53.2687],[5.87354,53.3752],[6.06221,53.40708],[6.35322,53.41528],[6.56357,53.43428],[6.81621,53.44116],[6.9124,53.37539],[6.96816,53.32729],[7.05801,53.30059],[7.19727,53.28228],[7.15205,53.32695],[7.05332,53.37583],[7.07432,53.47764],[7.10713,53.55698],[7.20645,53.65454],[7.28525,53.68135],[7.6292,53.69727],[8.00928,53.69072],[8.16709,53.54341],[8.1085,53.46768],[8.20078,53.43242],[8.24521,53.44531],[8.279,53.51118],[8.30156,53.58413],[8.33389,53.6062],[8.45137,53.55171],[8.49268,53.51436],[8.49521,53.39424],[8.53848,53.55688],[8.50625,53.67075],[8.52842,53.7811],[8.57559,53.83848],[8.61895,53.875],[8.89775,53.83569],[9.20557,53.85596],[9.32197,53.81348],[9.58535,53.60049],[9.67314,53.56562],[9.78398,53.55464],[9.63125,53.6002],[9.31201,53.85913],[9.21641,53.89121],[9.06963,53.90093],[8.97813,53.92622],[8.92041,53.96533],[8.90352,54.00029],[8.90664,54.26079],[8.85156,54.29956],[8.78037,54.31304],[8.73604,54.29521],[8.64492,54.29497],[8.62578,54.35396],[8.64805,54.39766],[8.83115,54.42754],[8.95186,54.46758],[8.95723,54.53833],[8.88096,54.59395],[8.78965,54.69595],[8.68232,54.79185],[8.66143,54.98594],[8.63828,55.04556],[8.57295,55.13428],[8.66982,55.15566],[8.65107,55.32856],[8.61592,55.41821],[8.34531,55.5103],[8.13213,55.5998],[8.18135,55.90117],[8.20234,55.98237],[8.12148,56.13989],[8.12988,56.32119],[8.16396,56.60688],[8.23174,56.61807],[8.28145,56.6167],[8.47314,56.56543],[8.55293,56.5603],[8.60762,56.5145],[8.67168,56.49565],[8.71807,56.54429],[8.73613,56.62744],[8.88809,56.73506],[8.99453,56.7748],[9.06709,56.79385],[9.14033,56.75044],[9.19639,56.70166],[9.20967,56.8084],[9.25488,57.01172],[9.11045,57.04365],[8.99277,57.01611],[8.87607,56.88726],[8.77197,56.72529],[8.60313,56.7104],[8.46836,56.66455],[8.34668,56.71211],[8.26826,56.754],[8.26631,56.81533],[8.28408,56.85234],[8.42705,56.98442],[8.61855,57.11128],[8.81152,57.11006],[8.95225,57.15059],[9.03633,57.15542],[9.29883,57.14653],[9.43359,57.17432],[9.5543,57.23247],[9.81514,57.47842],[9.9623,57.58096],[10.25908,57.61704],[10.5333,57.7354],[10.60996,57.73691],[10.48096,57.64868],[10.46025,57.61455],[10.44463,57.56221],[10.53711,57.44854],[10.51758,57.37935],[10.52412,57.24321],[10.43691,57.17227],[10.33848,57.02134],[10.29609,56.99912],[10.28701,56.82295],[10.29668,56.78091],[10.28271,56.62051],[10.38359,56.55483],[10.49023,56.52051],[10.8459,56.52173],[10.88281,56.49287],[10.92617,56.44326],[10.89443,56.35903],[10.85645,56.29551],[10.75342,56.24199],[10.62119,56.2021],[10.53896,56.20034],[10.42695,56.27617],[10.37373,56.25156],[10.31875,56.21289],[10.22666,56.00537],[10.18301,55.86519],[10.15938,55.85381],[10.10732,55.87446],[10.01738,55.87607],[9.90371,55.84282],[9.96201,55.81309],[10.02363,55.76143],[9.99902,55.73555],[9.89902,55.70757],[9.81035,55.65098],[9.77324,55.60815],[9.66143,55.55747],[9.59111,55.49321],[9.62559,55.41357],[9.64023,55.34365],[9.671,55.26641],[9.64326,55.20474],[9.50479,55.11626],[9.45371,55.03955],[9.57236,55.04053],[9.64541,55.0228],[9.68818,55.00015],[9.73232,54.96802],[9.70527,54.92832],[9.7459,54.80718],[9.89229,54.78062],[9.95381,54.73828],[10.02217,54.67393],[10.02881,54.5813],[9.94131,54.51465],[9.86865,54.47246],[10.14346,54.48843],[10.1708,54.4502],[10.2124,54.40894],[10.36045,54.43833],[10.73154,54.31626],[10.95596,54.37568],[11.01338,54.37915],[11.06436,54.28052],[11.00859,54.18115],[10.81074,54.07515],[10.85459,54.00981],[10.91777,53.99531],[11.1043,54.00918],[11.39961,53.94463],[11.46113,53.96475],[11.70059,54.11353],[11.79629,54.14546],[12.11133,54.16831],[12.16865,54.22588],[12.29629,54.28379],[12.37852,54.34702],[12.57539,54.46738],[12.7791,54.4457],[12.89805,54.42266],[13.02861,54.41104],[13.14746,54.28271],[13.44805,54.14087],[13.72422,54.15322],[13.82227,54.01904],[13.86553,53.85337],[13.95039,53.80137],[14.025,53.76743],[14.25,53.73188],[14.4876,53.67188],[14.5835,53.63936],[14.57158,53.67588],[14.55215,53.70732],[14.56494,53.75352],[14.5584,53.82319],[14.35088,53.85874],[14.17217,53.87437],[14.04834,53.86309],[13.92578,53.87905],[13.90215,53.93896],[13.92168,53.99663],[13.87246,54.03628],[13.82715,54.05957],[13.82041,54.09282],[13.82773,54.12725],[14.03887,54.03457],[14.21143,53.95034],[14.24932,53.93193],[14.38418,53.92471],[14.71572,54.01831],[15.28838,54.13989],[15.9,54.25396],[16.04277,54.26636],[16.18633,54.29038],[16.23936,54.33306],[16.29229,54.36162],[16.37559,54.43687],[16.55977,54.55381],[16.88545,54.59639],[17.00703,54.65186],[17.26191,54.72954],[17.84297,54.8167],[18.08564,54.83584],[18.32344,54.83818],[18.53516,54.76943],[18.75928,54.68457],[18.79961,54.63335],[18.67832,54.66528],[18.50156,54.7415],[18.43623,54.74473],[18.58711,54.51289],[18.66963,54.43091],[18.83643,54.36958],[18.97627,54.34893],[19.40713,54.38608],[19.56016,54.43462],[19.60439,54.45918],[19.7585,54.54482],[19.85889,54.63384],[19.94414,54.75],[19.95322,54.83047],[19.97451,54.92119],[20.10762,54.95649],[20.39668,54.95127],[20.52031,54.99487],[20.67891,55.10264],[20.8457,55.23203],[20.8998,55.28667],[21.01406,55.40195],[21.05762,55.47681],[21.08789,55.58311],[21.11484,55.6165],[21.11572,55.56816],[21.10391,55.48774],[21.03174,55.35049],[20.85938,55.18364],[20.59482,54.98237],[20.67773,54.95566],[20.77402,54.94702],[20.8875,54.90947],[20.9959,54.90269],[21.18887,54.93521],[21.22285,55.10776],[21.23633,55.27119],[21.20107,55.3438],[21.23789,55.45503],[21.17109,55.61772],[21.06191,55.81343],[21.05381,56.02295],[21.04609,56.07007],[21.01494,56.25894],[21.03145,56.63657],[21.07129,56.82373],[21.25742,56.93276],[21.35078,57.01768],[21.40508,57.13101],[21.42148,57.23584],[21.45918,57.32246],[21.72871,57.571],[21.94238,57.59785],[22.23145,57.6668],[22.55459,57.72427],[22.61699,57.65117],[22.64863,57.59536],[23.03779,57.39209],[23.13682,57.32383],[23.2873,57.08975],[23.64775,56.97104],[23.93115,57.0085],[24.0543,57.06611],[24.28125,57.17231],[24.38262,57.25005],[24.40322,57.325],[24.36299,57.64531],[24.30156,57.78413],[24.32256,57.87061],[24.33203,57.90977],[24.46387,58.10596],[24.4875,58.26162],[24.53574,58.28301],[24.54971,58.30459],[24.5291,58.35425],[24.39219,58.38608],[24.33691,58.3814],[24.28721,58.32803],[24.23564,58.28955],[24.11484,58.26611],[24.01094,58.30664],[23.76758,58.36084],[23.70605,58.43301],[23.6915,58.50562],[23.56279,58.57583],[23.50928,58.65854],[23.53066,58.71626],[23.64746,58.75415],[23.68076,58.78716],[23.53359,58.78193],[23.50361,58.78984],[23.49717,58.81953],[23.43203,58.92065],[23.48965,58.9605],[23.51504,58.99922],[23.46777,59.03218],[23.48018,59.06968],[23.51699,59.10757],[23.49443,59.19565],[23.64053,59.24233],[23.78252,59.27515],[24.0834,59.29189],[24.05361,59.37231],[24.17539,59.37593],[24.38037,59.47266],[24.58359,59.45566],[24.87754,59.52207],[25.44375,59.52114],[25.5209,59.55947],[25.50742,59.598],[25.50928,59.63901],[25.61572,59.62754],[25.79375,59.63467],[26.46084,59.55391],[26.625,59.55391],[26.85205,59.47178],[26.97471,59.45063],[27.33584,59.45049],[27.89258,59.41421],[28.00186,59.46982],[28.0125,59.48428],[28.06396,59.554],[28.04629,59.64717],[28.01396,59.72476],[28.05801,59.78154],[28.13115,59.78652],[28.2125,59.72466],[28.33457,59.69253],[28.42373,59.73408],[28.45391,59.81426],[28.51816,59.84956],[28.60391,59.81807],[28.74766,59.80669],[28.86689,59.81191],[28.94727,59.82876],[28.98154,59.85479],[29.01338,59.90156],[29.0791,59.96099],[29.14727,59.99976],[29.66973,59.95566],[30.12256,59.87358],[30.15684,59.9043],[30.17266,59.95713],[30.05996,60.00259],[29.97676,60.02637],[29.87227,60.12085],[29.72119,60.19531],[29.56934,60.20186],[29.37041,60.17593],[29.06914,60.19146],[28.8127,60.33154],[28.64316,60.37529],[28.52227,60.48296],[28.4916,60.54014],[28.62246,60.4916],[28.64033,60.54287],[28.65059,60.61099],[28.57783,60.65254],[28.51279,60.67729],[28.1793,60.571],[27.79766,60.53613],[27.76162,60.53286],[27.66934,60.49897],[27.5251,60.49077],[27.4624,60.46484],[27.24189,60.53867],[27.20527,60.54346],[27.07559,60.52515],[26.95117,60.47148],[26.72148,60.45508],[26.60742,60.4377],[26.53467,60.41289],[26.51973,60.47158],[26.55117,60.546],[26.60176,60.59561],[26.60645,60.62793],[26.56934,60.62456],[26.4958,60.55181],[26.45645,60.4668],[26.37773,60.42407],[26.20469,60.40659],[26.03604,60.4749],[25.95596,60.47422],[26.00625,60.42529],[26.04023,60.37158],[26.03584,60.3415],[25.9459,60.34678],[25.8458,60.3146],[25.75801,60.26753],[25.71543,60.26743],[25.65645,60.3332],[25.54824,60.30249],[25.45576,60.26123],[25.26787,60.24834],[25.15586,60.19409],[24.95762,60.15747],[24.84873,60.15835],[24.60049,60.11426],[24.51797,60.04629],[24.44561,60.02129],[24.34258,60.04233],[24.0252,60.00918],[23.72178,59.96567],[23.59268,59.96816],[23.46357,59.98623],[23.32676,59.92578],[23.18145,59.84492],[23.02129,59.81602],[22.96387,59.82637],[23.00977,59.8688],[23.11572,59.9127],[23.18848,59.97222],[23.19844,60.02183],[23.14844,60.04131],[23.08018,60.04727],[22.99414,60.09854],[22.91172,60.20972],[22.86709,60.21582],[22.84443,60.18662],[22.81914,60.10137],[22.79346,60.07681],[22.7498,60.05728],[22.69736,60.0376],[22.64619,60.02803],[22.4627,60.0292],[22.43857,60.07227],[22.43857,60.09028],[22.47109,60.14697],[22.44268,60.15688],[22.46973,60.20132],[22.51299,60.19893],[22.56426,60.20552],[22.58994,60.22837],[22.58799,60.25566],[22.5167,60.26274],[22.5123,60.28135],[22.57588,60.35908],[22.58496,60.38057],[22.56035,60.38501],[22.52051,60.37656],[22.25791,60.40093],[21.93398,60.50029],[21.8543,60.50542],[21.80527,60.59414],[21.72715,60.58291],[21.61328,60.53096],[21.52783,60.57041],[21.43604,60.59639],[21.41064,60.63696],[21.41191,60.69683],[21.404,60.76743],[21.37891,60.85005],[21.36055,60.96748],[21.37773,61.05923],[21.45098,61.12715],[21.4791,61.17051],[21.51348,61.2812],[21.52119,61.41084],[21.50176,61.45498],[21.50664,61.48433],[21.56504,61.48433],[21.55234,61.50952],[21.52666,61.52329],[21.49824,61.55195],[21.52246,61.56714],[21.59238,61.56821],[21.59805,61.57788],[21.60596,61.59155],[21.55186,61.66685],[21.54561,61.70273],[21.47051,61.81167],[21.38486,61.91494],[21.25596,61.98965],[21.30166,62.11265],[21.35371,62.22383],[21.34336,62.27739],[21.32344,62.34258],[21.16563,62.41406],[21.14219,62.51479],[21.10361,62.62295],[21.11816,62.68926],[21.14385,62.73999],[21.1957,62.79053],[21.45752,62.95],[21.47354,63.03325],[21.65098,63.03931],[21.56865,63.11372],[21.54922,63.15552],[21.54512,63.2043],[21.80039,63.2377],[21.8957,63.21025],[22.12031,63.24414],[22.31973,63.31045],[22.31621,63.34565],[22.28555,63.3772],[22.24326,63.43794],[22.27324,63.45479],[22.346,63.44238],[22.3126,63.47256],[22.31865,63.50439],[22.39805,63.49116],[22.52764,63.57998],[22.53232,63.64785],[22.75625,63.68335],[23.01445,63.82183],[23.13359,63.86494],[23.24873,63.89614],[23.49395,64.03447],[23.59893,64.04092],[23.65293,64.13418],[23.86143,64.25825],[23.9248,64.27412],[24.02227,64.38599],[24.27832,64.51528],[24.44063,64.68013],[24.53018,64.73867],[24.55791,64.80103],[24.65762,64.8063],[24.74756,64.8521],[24.94219,64.88403],[25.13428,64.8752],[25.21426,64.85347],[25.28818,64.86035],[25.28076,64.91641],[25.22803,64.95103],[25.27109,64.98428],[25.37266,65.00947],[25.3623,65.06514],[25.34023,65.09863],[25.25586,65.14326],[25.29785,65.24321],[25.30791,65.35273],[25.34785,65.47925],[25.2418,65.54629],[24.83936,65.66035],[24.76426,65.6564],[24.6749,65.6707],[24.58154,65.75713],[24.62324,65.83169],[24.62803,65.85918],[24.5916,65.85835],[24.53262,65.82202],[24.4043,65.78047],[24.2375,65.81235],[24.15547,65.80527],[23.89053,65.78223],[23.69141,65.82852],[23.59209,65.80532],[23.41836,65.80435],[23.22109,65.78613],[23.15459,65.7499],[23.10234,65.73535],[22.91934,65.78647],[22.74658,65.87095],[22.62031,65.80654],[22.53857,65.79434],[22.46514,65.85264],[22.40098,65.86211],[22.36631,65.84268],[22.33594,65.79116],[22.2876,65.75063],[22.275,65.725],[22.2666,65.62153],[22.254,65.59756],[22.08623,65.61094],[22.09629,65.58379],[22.13281,65.57012],[22.14756,65.55288],[22.08672,65.53022],[21.92012,65.53237],[21.90313,65.50835],[21.95,65.47036],[21.91348,65.43711],[21.87959,65.42402],[21.68066,65.40337],[21.56553,65.40811],[21.53262,65.38657],[21.52344,65.35859],[21.54521,65.33115],[21.596,65.31655],[21.6127,65.29912],[21.60918,65.26138],[21.56689,65.25454],[21.44688,65.32085],[21.41035,65.31743],[21.43779,65.28296],[21.50635,65.24536],[21.546,65.20698],[21.58066,65.16079],[21.57393,65.12578],[21.4249,65.0127],[21.29375,64.94126],[21.1959,64.8769],[21.13818,64.80869],[21.20498,64.77432],[21.2793,64.72471],[21.33154,64.62935],[21.39385,64.54434],[21.51963,64.46309],[21.49434,64.41611],[21.46504,64.37959],[21.25576,64.29917],[21.01846,64.17798],[20.7627,63.86782],[20.67764,63.82627],[20.45371,63.77373],[20.37139,63.7229],[20.20469,63.66245],[19.91367,63.61055],[19.78164,63.53818],[19.72207,63.46333],[19.65576,63.45801],[19.59004,63.48726],[19.50234,63.50903],[19.49092,63.46021],[19.49463,63.42437],[19.3543,63.47749],[19.28809,63.42876],[19.23633,63.34736],[19.03438,63.23774],[18.8167,63.25747],[18.79229,63.23813],[18.8502,63.22412],[18.85898,63.20659],[18.81943,63.19727],[18.75957,63.19824],[18.66719,63.17656],[18.60645,63.17827],[18.57764,63.12642],[18.53066,63.06353],[18.40771,63.0375],[18.34424,63.03213],[18.31289,62.99639],[18.50205,62.98887],[18.48691,62.95859],[18.48262,62.92832],[18.46309,62.89585],[18.24805,62.84907],[18.21494,62.81221],[18.17002,62.78936],[18.07441,62.79067],[18.07793,62.81196],[18.09355,62.83604],[17.95107,62.83389],[17.90664,62.88677],[17.87959,62.87319],[17.89561,62.83052],[17.93291,62.78613],[17.97441,62.72104],[17.94072,62.67988],[17.90303,62.65947],[17.93047,62.64062],[18.00654,62.62627],[18.0373,62.60054],[17.94707,62.57847],[17.83447,62.50273],[17.71777,62.50088],[17.64639,62.45088],[17.57061,62.45103],[17.50898,62.48252],[17.41025,62.5084],[17.37842,62.46279],[17.37334,62.42651],[17.429,62.33472],[17.53525,62.26367],[17.63369,62.23301],[17.56289,62.2123],[17.51016,62.16631],[17.44658,62.02266],[17.41201,61.96611],[17.37451,61.86631],[17.39824,61.78208],[17.41729,61.74067],[17.46543,61.68447],[17.33457,61.6917],[17.19639,61.72456],[17.21563,61.65635],[17.13076,61.57573],[17.14658,61.50464],[17.16426,61.4583],[17.13799,61.38169],[17.17793,61.35762],[17.19961,61.31196],[17.16387,61.27827],[17.17979,61.24927],[17.18574,61.14653],[17.21289,60.98584],[17.20293,60.95186],[17.27891,60.81216],[17.26123,60.76318],[17.25098,60.70078],[17.35986,60.64082],[17.45703,60.6418],[17.55547,60.64272],[17.59307,60.62769],[17.63076,60.58525],[17.66113,60.53516],[17.74219,60.53931],[17.87158,60.58008],[17.95576,60.58979],[18.01133,60.51143],[18.1625,60.40791],[18.25049,60.36152],[18.4,60.33711],[18.55752,60.25356],[18.53545,60.15288],[18.60117,60.11924],[18.78701,60.07949],[18.85273,60.02588],[18.88428,59.98018],[18.9332,59.94229],[18.99043,59.82778],[18.97051,59.75723],[18.89561,59.73296],[18.71875,59.65737],[18.63994,59.60093],[18.57812,59.56577],[18.40244,59.49038],[18.33809,59.47686],[18.27646,59.43765],[18.21689,59.42051],[18.16357,59.43037],[17.96426,59.35938],[17.97979,59.32905]]],[[[50.67988,46.93872],[50.58291,46.88228],[50.52842,46.87329],[50.47227,46.88291],[50.41934,46.87949],[50.30625,46.79492],[50.10156,46.69644],[49.9998,46.63428],[49.88633,46.59565],[49.76055,46.57148],[49.63154,46.56758],[49.58438,46.54521],[49.43721,46.53726],[49.34746,46.51914],[49.34424,46.48555],[49.36211,46.41021],[49.28584,46.43682],[49.20566,46.38569],[49.23223,46.33716],[49.2459,46.2916],[49.12549,46.28174],[49.11064,46.22847],[49.07959,46.18921],[48.80996,46.10049],[48.74258,46.10073],[48.68369,46.08618],[48.6873,46.02876],[48.70342,45.97622],[48.74961,45.92056],[48.72959,45.89683],[48.68965,45.88887],[48.6374,45.90576],[48.58906,45.93486],[48.5373,45.94214],[48.48701,45.93486],[48.25762,45.77778],[48.15918,45.73701],[48.05283,45.721],[47.83018,45.66304],[47.76396,45.66597],[47.70107,45.68618],[47.6498,45.65674],[47.6333,45.58403],[47.57402,45.63428],[47.5084,45.67417],[47.47939,45.6876],[47.46328,45.67969],[47.52422,45.60171],[47.52949,45.53022],[47.51455,45.49092],[47.48867,45.45508],[47.45449,45.43306],[47.41309,45.42104],[47.39111,45.29478],[47.35127,45.21772],[47.29619,45.14946],[47.22148,45.02427],[47.16152,44.96963],[47.11475,44.90596],[47.08379,44.81699],[47.03926,44.83789],[47.00293,44.87607],[46.98369,44.82559],[46.95742,44.78257],[46.84121,44.71826],[46.75527,44.65654],[46.71611,44.56069],[46.70723,44.50332],[46.7209,44.45166],[46.75303,44.42065],[46.91572,44.38716],[47.02363,44.34326],[47.12266,44.26167],[47.22988,44.19238],[47.30703,44.10312],[47.36152,43.99336],[47.4292,43.77988],[47.46279,43.55503],[47.5626,43.83467],[47.64648,43.88462],[47.62783,43.80596],[47.56797,43.68496],[47.50898,43.50972],[47.48984,43.38169],[47.51162,43.27075],[47.51289,43.21875],[47.46318,43.03506],[47.48887,42.99976],[47.529,42.96714],[47.63486,42.90347],[47.70908,42.81094],[47.72773,42.68071],[47.76973,42.64478],[47.82236,42.61348],[48.08018,42.35371],[48.22861,42.18096],[48.30303,42.08022],[48.38379,41.95342],[48.42637,41.92397],[48.47676,41.90513],[48.57285,41.84448],[48.66465,41.78662],[48.82393,41.62959],[49.05088,41.37397],[49.10664,41.30171],[49.14326,41.21777],[49.17471,41.11611],[49.22646,41.02622],[49.45674,40.79985],[49.55615,40.71631],[49.71836,40.60811],[49.77598,40.58398],[49.85176,40.5772],[49.99063,40.57681],[50.11914,40.53452],[50.18252,40.50479],[50.24805,40.46177],[50.30684,40.41221],[50.36592,40.27949],[50.14316,40.32324],[49.91885,40.31641],[49.79199,40.28789],[49.66904,40.24902],[49.55117,40.19414],[49.47734,40.08726],[49.41514,39.83984],[49.32441,39.60835],[49.32754,39.50122],[49.36738,39.39839],[49.36279,39.34956],[49.32119,39.32891],[49.26934,39.28516],[49.1998,39.07266],[49.16533,39.03027],[49.121,39.00391],[49.10869,39.02905],[49.11133,39.08472],[49.01348,39.13398],[48.96172,39.07876],[48.92617,38.96177],[48.85449,38.83882],[48.85088,38.81533],[48.86875,38.4355],[48.8707,38.39253],[48.90137,38.14365],[48.9251,38.01514],[48.95996,37.89014],[49.01533,37.77607],[49.08096,37.66758],[49.17119,37.60059],[49.37246,37.51997],[49.47012,37.49668],[49.72695,37.48052],[49.98066,37.44487],[50.13047,37.40713],[50.17627,37.38052],[50.21406,37.3396],[50.33789,37.14917],[50.5332,37.01367],[50.92744,36.81021],[51.11855,36.74258],[51.76201,36.6145],[52.19014,36.62173],[53.37412,36.86875],[53.76768,36.93032],[53.91543,36.93032],[53.82744,36.8812],[53.67949,36.85312],[53.76875,36.81846],[53.90625,36.8127],[53.97012,36.81831],[54.01621,36.84966],[54.02383,36.90132],[54.01719,36.95249],[53.95195,37.18174],[53.91416,37.34355],[53.89785,37.41357],[53.84785,37.66958],[53.82354,37.92793],[53.8252,38.04692],[53.8541,38.28564],[53.85186,38.40591],[53.84004,38.51494],[53.85156,38.62178],[53.87373,38.74194],[53.88535,38.86406],[53.86865,38.94927],[53.81494,39.01802],[53.72412,39.10308],[53.70977,39.15342],[53.70459,39.20957],[53.61758,39.21597],[53.53945,39.27407],[53.475,39.30571],[53.33633,39.34082],[53.2668,39.34263],[53.20332,39.3168],[53.15664,39.26499],[53.12402,39.34668],[53.1248,39.43208],[53.23564,39.60854],[53.30498,39.55708],[53.38965,39.53643],[53.49736,39.5333],[53.60313,39.54697],[53.58242,39.60742],[53.5333,39.64175],[53.47227,39.6688],[53.45049,39.74854],[53.4583,39.8312],[53.4873,39.90937],[53.4543,39.94087],[53.4042,39.96035],[53.28857,39.95801],[53.13857,39.97866],[52.9875,39.9876],[52.95215,39.89546],[53.03555,39.77441],[52.96484,39.83389],[52.89824,39.9125],[52.80469,40.054],[52.74443,40.21978],[52.73369,40.39873],[52.78477,40.54673],[52.8499,40.68564],[52.88926,40.86348],[52.94346,41.03809],[52.99766,40.95986],[53.05957,40.88975],[53.14521,40.82495],[53.19199,40.80947],[53.33291,40.78271],[53.42363,40.79277],[53.52031,40.83105],[53.61523,40.81851],[53.69375,40.74644],[53.76377,40.66567],[53.87002,40.64868],[54.08887,40.70708],[54.19297,40.72041],[54.2833,40.6937],[54.32988,40.68877],[54.37734,40.69326],[54.33623,40.76494],[54.31943,40.83457],[54.37441,40.87139],[54.54707,40.83228],[54.65703,40.85835],[54.68506,40.87305],[54.71006,40.89111],[54.72324,40.95127],[54.71797,41.01299],[54.70371,41.07114],[54.67148,41.12217],[54.59219,41.19355],[54.28457,41.36372],[54.18105,41.43159],[54.09482,41.51938],[54.03984,41.64336],[53.99521,41.77256],[53.95381,41.86846],[53.84648,42.09116],[53.80469,42.11763],[53.75234,42.12939],[53.6249,42.13638],[53.4959,42.12017],[53.28496,42.08184],[53.16416,42.0938],[53.1083,42.07007],[52.97002,41.97622],[52.90527,41.89575],[52.81484,41.71182],[52.8835,41.65254],[52.88223,41.61367],[52.83018,41.34189],[52.86182,41.21006],[52.85039,41.20029],[52.82559,41.23086],[52.74727,41.36543],[52.60938,41.52944],[52.49385,41.78037],[52.46758,41.88589],[52.45859,42.04834],[52.46211,42.10063],[52.51719,42.23716],[52.57324,42.33086],[52.61836,42.42822],[52.63848,42.55566],[52.59658,42.76016],[52.55,42.80547],[52.49395,42.82026],[52.43428,42.82446],[52.32441,42.81616],[52.27305,42.7998],[52.18369,42.86875],[52.07559,42.87979],[52.01855,42.86055],[51.96074,42.85059],[51.89824,42.86963],[51.84414,42.91045],[51.81104,42.95444],[51.78516,43.00435],[51.70039,43.10405],[51.61602,43.15845],[51.51406,43.17051],[51.34785,43.16738],[51.29541,43.17412],[51.29238,43.23071],[51.31338,43.35566],[51.31387,43.42085],[51.30176,43.48237],[51.27412,43.53291],[51.23896,43.57671],[51.13965,43.64878],[51.06484,43.75015],[50.93984,43.95854],[50.83076,44.19277],[50.78262,44.22803],[50.68496,44.26509],[50.47178,44.29478],[50.33115,44.32549],[50.27559,44.35513],[50.25254,44.40649],[50.25293,44.46152],[50.26455,44.52656],[50.29746,44.58154],[50.40947,44.62402],[50.65244,44.63335],[50.86035,44.62876],[51.04883,44.53047],[51.11074,44.50781],[51.17715,44.50137],[51.31074,44.53242],[51.37666,44.54121],[51.54355,44.53101],[51.49375,44.57754],[51.43105,44.60195],[51.36631,44.59985],[51.31025,44.61875],[51.21816,44.70898],[51.05791,44.81157],[51.0207,44.854],[51.00938,44.92183],[51.04033,44.98032],[51.15371,45.04023],[51.2499,45.12168],[51.29404,45.22979],[51.3334,45.27959],[51.41572,45.35786],[51.53965,45.34287],[51.73262,45.39946],[52.04873,45.38838],[52.42676,45.40464],[52.53105,45.39863],[52.77197,45.34351],[52.91074,45.31973],[53.07891,45.30752],[53.20039,45.33198],[53.08574,45.40737],[52.8375,45.49673],[52.77383,45.57275],[52.8875,45.77954],[53.0416,45.96787],[53.13525,46.19165],[53.10898,46.41406],[53.06396,46.47529],[53.07852,46.54746],[53.13242,46.60835],[53.17021,46.66904],[53.1375,46.74204],[53.06943,46.85605],[53.03457,46.89292],[52.91602,46.95439],[52.67764,46.95713],[52.4832,46.99067],[52.42031,46.96367],[52.38486,46.92212],[52.34033,46.89478],[52.18877,46.8395],[52.13828,46.82861],[52.08555,46.8396],[52.01113,46.9019],[51.94512,46.89487],[51.74453,46.93374],[51.6501,47.01807],[51.61523,47.02993],[51.29082,47.09731],[51.17803,47.11016],[50.92002,47.04067],[50.73271,46.95166],[50.67988,46.93872]]]]}},{"type":"Feature","properties":{},"geometry":{"type":"MultiPolygon","coordinates":[[[[145.88154,43.45952],[145.89561,43.45454],[145.91387,43.45537],[145.93115,43.45703],[145.94111,43.44546],[145.94355,43.42646],[145.93115,43.42563],[145.90723,43.42231],[145.89395,43.41982],[145.88652,43.43306],[145.88154,43.4438],[145.86914,43.45044],[145.86914,43.45786],[145.88154,43.45952]]]]}},{"type":"Feature","properties":{},"geometry":{"type":"MultiPolygon","coordinates":[[[[146.35879,43.62539],[146.33232,43.61992],[146.28818,43.62539],[146.27383,43.62983],[146.28369,43.63862],[146.31016,43.65186],[146.3333,43.64746],[146.3498,43.64414],[146.35879,43.62539]]]]}},{"type":"Feature","properties":{},"geometry":{"type":"MultiPolygon","coordinates":[[[[146.04561,43.40933],[146.03232,43.40713],[146.02803,43.42036],[146.04893,43.43359],[146.08857,43.44902],[146.10078,43.44019],[146.08633,43.4292],[146.06992,43.42148],[146.04561,43.40933]]]]}},{"type":"Feature","properties":{},"geometry":{"type":"MultiPolygon","coordinates":[[[[151.64775,7.34619],[151.63945,7.33301],[151.57832,7.33809],[151.56973,7.34551],[151.5751,7.35132],[151.6043,7.35723],[151.60781,7.37539],[151.59287,7.37925],[151.60566,7.38872],[151.62949,7.39043],[151.64326,7.37925],[151.65049,7.36284],[151.64775,7.34619]]]]}},{"type":"Feature","properties":{},"geometry":{"type":"MultiPolygon","coordinates":[[[[151.88145,7.43203],[151.86426,7.42676],[151.85596,7.43179],[151.85996,7.45737],[151.86533,7.46616],[151.88184,7.46709],[151.91055,7.46016],[151.9126,7.45386],[151.88145,7.43203]]]]}},{"type":"Feature","properties":{},"geometry":{"type":"MultiPolygon","coordinates":[[[[124.74453,37.98062],[124.75547,37.96982],[124.75371,37.95518],[124.73984,37.94722],[124.71709,37.93286],[124.69668,37.92017],[124.65586,37.92476],[124.62539,37.94521],[124.63594,37.98062],[124.66113,37.97344],[124.7166,37.98877],[124.74453,37.98062]]]]}}]}